Top Canopy,Ground Cover,Notes,OBJECTID,GlobalID,parent_global_id,created_user,created_date,last_edited_user,last_edited_date,Distance (m),Manual Distance (m),Transect Type
s,so,,42,bbb8741d-4fcf-49f3-976d-a4a9e3ff4322,edd9d5ab-18eb-4368-9dde-f02a9d91a4ed,erikjdesilva16,4/11/2023 7:47:47 PM,erikjdesilva16,4/11/2023 7:49:15 PM,0.5,,north
s,wl,,43,c5816427-80fb-4fa8-8c7b-0a29ff13c17e,edd9d5ab-18eb-4368-9dde-f02a9d91a4ed,erikjdesilva16,4/11/2023 8:05:12 PM,erikjdesilva16,4/11/2023 8:05:12 PM,1,,north
s,hl,,44,b2015d13-383b-4b13-a940-2c31d77b0cb4,edd9d5ab-18eb-4368-9dde-f02a9d91a4ed,erikjdesilva16,4/11/2023 8:05:40 PM,erikjdesilva16,4/11/2023 8:05:40 PM,1.5,,north
s,hl,,45,07d1f02b-6e65-420d-a641-dee1531b20be,edd9d5ab-18eb-4368-9dde-f02a9d91a4ed,erikjdesilva16,4/11/2023 8:05:57 PM,erikjdesilva16,4/11/2023 8:05:57 PM,2,,north
s,hl,,46,73e3e42f-852f-4923-9dd8-96e7f6d649cf,edd9d5ab-18eb-4368-9dde-f02a9d91a4ed,erikjdesilva16,4/11/2023 8:06:11 PM,erikjdesilva16,4/11/2023 8:06:11 PM,2.5,,north
s,hl,,47,ae10e2ce-a7d3-41de-bab4-2e20d05fc584,edd9d5ab-18eb-4368-9dde-f02a9d91a4ed,erikjdesilva16,4/11/2023 8:06:24 PM,erikjdesilva16,4/11/2023 8:06:24 PM,3,,north
s,hl,,48,b7499d95-b41d-4fb1-98a7-a36eb5a61418,edd9d5ab-18eb-4368-9dde-f02a9d91a4ed,erikjdesilva16,4/11/2023 8:06:37 PM,erikjdesilva16,4/11/2023 8:06:37 PM,3.5,,north
s,hl,,49,e20f40d8-65b4-4e4f-8d8e-704048407edd,edd9d5ab-18eb-4368-9dde-f02a9d91a4ed,erikjdesilva16,4/11/2023 8:07:14 PM,erikjdesilva16,4/11/2023 8:07:14 PM,4,,north
s,wl,,50,0093795d-4fba-4769-a573-96e2210b8c4b,edd9d5ab-18eb-4368-9dde-f02a9d91a4ed,erikjdesilva16,4/11/2023 8:07:24 PM,erikjdesilva16,4/11/2023 8:07:24 PM,4.5,,north
s,hl,,51,6f097d68-1bdf-45c1-a98d-89d95c3f53d0,edd9d5ab-18eb-4368-9dde-f02a9d91a4ed,erikjdesilva16,4/11/2023 8:07:36 PM,erikjdesilva16,4/11/2023 8:07:36 PM,5,,north
s,wl,,52,55bc5c59-3360-4803-8920-011523c7d893,edd9d5ab-18eb-4368-9dde-f02a9d91a4ed,erikjdesilva16,4/11/2023 8:07:47 PM,erikjdesilva16,4/11/2023 8:07:47 PM,5.5,,north
t,hl,,53,00b24172-409a-42a7-9da5-455d47bfc6ab,edd9d5ab-18eb-4368-9dde-f02a9d91a4ed,erikjdesilva16,4/11/2023 8:09:01 PM,erikjdesilva16,4/11/2023 8:09:01 PM,6,,north
t,wl,,54,69eed99f-ccb9-4b65-b342-f4df320a933d,edd9d5ab-18eb-4368-9dde-f02a9d91a4ed,erikjdesilva16,4/11/2023 8:11:22 PM,erikjdesilva16,4/11/2023 8:11:22 PM,6.5,,north
t,so,,55,3be6dfb6-f6c6-42f3-a8d3-1ed58bbff23f,edd9d5ab-18eb-4368-9dde-f02a9d91a4ed,erikjdesilva16,4/11/2023 8:11:58 PM,erikjdesilva16,4/11/2023 8:11:58 PM,7,,north
s,so,,56,be209fd7-cac2-48e0-9526-80c7003355ea,edd9d5ab-18eb-4368-9dde-f02a9d91a4ed,erikjdesilva16,4/11/2023 8:12:17 PM,erikjdesilva16,4/11/2023 8:12:17 PM,7.5,,north
t,hl,,57,91f69769-094c-42ec-a8f1-40d6486369aa,edd9d5ab-18eb-4368-9dde-f02a9d91a4ed,erikjdesilva16,4/11/2023 8:12:30 PM,erikjdesilva16,4/11/2023 8:12:30 PM,8,,north
t,hl,,58,30b442e2-c67d-4fc4-9f81-404eb7d977d9,edd9d5ab-18eb-4368-9dde-f02a9d91a4ed,erikjdesilva16,4/11/2023 8:12:44 PM,erikjdesilva16,4/11/2023 8:12:44 PM,8.5,,north
t,so,,59,d093802e-3e85-46d7-a91a-32294cac52e3,edd9d5ab-18eb-4368-9dde-f02a9d91a4ed,erikjdesilva16,4/11/2023 8:12:58 PM,erikjdesilva16,4/11/2023 8:12:58 PM,9,,north
t,hl,,60,16591f2d-7952-4717-bef9-f6339814a5c6,edd9d5ab-18eb-4368-9dde-f02a9d91a4ed,erikjdesilva16,4/11/2023 8:13:11 PM,erikjdesilva16,4/11/2023 8:13:11 PM,9.5,,north
t,so,,61,cb01750b-a330-4e61-a278-8a13148f7ab9,edd9d5ab-18eb-4368-9dde-f02a9d91a4ed,erikjdesilva16,4/11/2023 8:13:24 PM,erikjdesilva16,4/11/2023 8:13:24 PM,10,,north
t,so,,62,d7b9d8ed-f2e0-4286-af38-ff9b2e9902a5,edd9d5ab-18eb-4368-9dde-f02a9d91a4ed,erikjdesilva16,4/11/2023 8:13:55 PM,erikjdesilva16,4/11/2023 8:13:55 PM,10.5,,north
t,so,,63,f4e7ba3e-fb05-4578-b6da-7df0a5112b49,edd9d5ab-18eb-4368-9dde-f02a9d91a4ed,erikjdesilva16,4/11/2023 8:14:28 PM,erikjdesilva16,4/11/2023 8:14:28 PM,11,,north
t,m l bc,,64,58a239bd-4340-42f7-b73b-bb405662aebb,edd9d5ab-18eb-4368-9dde-f02a9d91a4ed,erikjdesilva16,4/11/2023 8:14:55 PM,erikjdesilva16,4/11/2023 8:14:55 PM,11.5,,north
t,hl,,65,8f41a45b-4233-44a9-858b-807c8943f312,edd9d5ab-18eb-4368-9dde-f02a9d91a4ed,erikjdesilva16,4/11/2023 8:15:06 PM,erikjdesilva16,4/11/2023 8:15:06 PM,12,,north
t,hl,,66,63530712-2cb6-4e82-a338-6d2a960761bb,edd9d5ab-18eb-4368-9dde-f02a9d91a4ed,erikjdesilva16,4/11/2023 8:15:17 PM,erikjdesilva16,4/11/2023 8:15:17 PM,12.5,,north
s,r,,67,09a86f1a-81f8-48d3-8d4d-fcdb08654a7c,edd9d5ab-18eb-4368-9dde-f02a9d91a4ed,erikjdesilva16,4/11/2023 8:16:43 PM,erikjdesilva16,4/11/2023 8:16:43 PM,0.5,,east
s,hl,,68,e1069ef8-f224-46e5-a97a-e2bbf3b665d6,edd9d5ab-18eb-4368-9dde-f02a9d91a4ed,erikjdesilva16,4/11/2023 8:16:55 PM,erikjdesilva16,4/11/2023 8:16:55 PM,1,,east
s,hl,,69,e7bf82e2-c5c4-490f-8834-a1d1a2069237,edd9d5ab-18eb-4368-9dde-f02a9d91a4ed,erikjdesilva16,4/11/2023 8:17:19 PM,erikjdesilva16,4/11/2023 8:17:19 PM,1.5,,east
s,hl,,70,f205c136-088e-42a8-a3ee-117484c8d317,edd9d5ab-18eb-4368-9dde-f02a9d91a4ed,erikjdesilva16,4/11/2023 8:17:34 PM,erikjdesilva16,4/11/2023 8:17:34 PM,2,,east
s,wl,,71,87c2a48e-8c6c-4e5c-b62a-350892310af5,edd9d5ab-18eb-4368-9dde-f02a9d91a4ed,erikjdesilva16,4/11/2023 8:17:46 PM,erikjdesilva16,4/11/2023 8:17:46 PM,2.5,,east
s,hl,,72,9806f5f8-2dd7-4d43-b362-b74f1e0a5fe0,edd9d5ab-18eb-4368-9dde-f02a9d91a4ed,erikjdesilva16,4/11/2023 8:18:14 PM,erikjdesilva16,4/11/2023 8:18:14 PM,3,,east
t,hl,,73,e92c5e13-4157-498c-8c9b-4788e05005a4,edd9d5ab-18eb-4368-9dde-f02a9d91a4ed,erikjdesilva16,4/11/2023 8:18:37 PM,erikjdesilva16,4/11/2023 8:18:37 PM,3.5,,east
s,hl,,74,cbd4e093-1fcf-471d-8edd-703b40101321,edd9d5ab-18eb-4368-9dde-f02a9d91a4ed,erikjdesilva16,4/11/2023 8:18:53 PM,erikjdesilva16,4/11/2023 8:18:53 PM,4,,east
s,hl,,75,2620facb-4750-43b6-983a-0c6a664d6a7d,edd9d5ab-18eb-4368-9dde-f02a9d91a4ed,erikjdesilva16,4/11/2023 8:19:06 PM,erikjdesilva16,4/11/2023 8:19:06 PM,4.5,,east
s,hl,,76,3f95e1c6-e974-4a18-b6ce-092aaaa76725,edd9d5ab-18eb-4368-9dde-f02a9d91a4ed,erikjdesilva16,4/11/2023 8:19:21 PM,erikjdesilva16,4/11/2023 8:19:21 PM,5,,east
s,hl,,77,65ddfb81-600a-42a0-bd11-7f2ccdcfbdeb,edd9d5ab-18eb-4368-9dde-f02a9d91a4ed,erikjdesilva16,4/11/2023 8:19:33 PM,erikjdesilva16,4/11/2023 8:19:33 PM,5.5,,east
s,hl,,78,902b6b6c-1f1c-49f3-b31d-48b2b25abfae,edd9d5ab-18eb-4368-9dde-f02a9d91a4ed,erikjdesilva16,4/11/2023 8:19:47 PM,erikjdesilva16,4/11/2023 8:19:47 PM,6,,east
s,hl,,79,cedfcc75-8f55-430b-b199-8a7af6c813e3,edd9d5ab-18eb-4368-9dde-f02a9d91a4ed,erikjdesilva16,4/11/2023 8:19:58 PM,erikjdesilva16,4/11/2023 8:19:58 PM,6.5,,east
s,hl,,80,ac22dc3a-f819-4881-8d4b-4b39d4e06373,edd9d5ab-18eb-4368-9dde-f02a9d91a4ed,erikjdesilva16,4/11/2023 8:20:12 PM,erikjdesilva16,4/11/2023 8:20:12 PM,7,,east
s,hl,,81,9b49355c-ce2c-44d9-9dbe-9c6f8aa84f66,edd9d5ab-18eb-4368-9dde-f02a9d91a4ed,erikjdesilva16,4/11/2023 8:20:26 PM,erikjdesilva16,4/11/2023 8:20:26 PM,7.5,,east
s,hl,,82,3ea7afd9-b108-47b8-a019-9c5030738c65,edd9d5ab-18eb-4368-9dde-f02a9d91a4ed,erikjdesilva16,4/11/2023 8:20:50 PM,erikjdesilva16,4/11/2023 8:20:50 PM,8,,east
t,hl,,83,3b160510-87f9-441c-93e6-f551e5d64675,edd9d5ab-18eb-4368-9dde-f02a9d91a4ed,erikjdesilva16,4/11/2023 8:21:19 PM,erikjdesilva16,4/11/2023 8:21:19 PM,8.5,,east
t,hl,,84,b25f3b75-9017-4063-a0e1-fed274ab96d8,edd9d5ab-18eb-4368-9dde-f02a9d91a4ed,erikjdesilva16,4/11/2023 8:21:31 PM,erikjdesilva16,4/11/2023 8:21:31 PM,9,,east
s,hl,,85,76a1ae78-740b-4345-92b0-33789b365ca9,edd9d5ab-18eb-4368-9dde-f02a9d91a4ed,erikjdesilva16,4/11/2023 8:21:43 PM,erikjdesilva16,4/11/2023 8:21:43 PM,9.5,,east
s,hl,,86,4eb819db-b1ea-4bf8-b6d2-86933e50bca4,edd9d5ab-18eb-4368-9dde-f02a9d91a4ed,erikjdesilva16,4/11/2023 8:21:55 PM,erikjdesilva16,4/11/2023 8:21:55 PM,10,,east
s,hl,,87,786fd27e-c9aa-4b9a-9ece-d1ffa9d67fee,edd9d5ab-18eb-4368-9dde-f02a9d91a4ed,erikjdesilva16,4/11/2023 8:22:06 PM,erikjdesilva16,4/11/2023 8:22:06 PM,10.5,,east
s,sh,,88,4cb4ce81-86c4-4217-8650-f501d54a16d7,edd9d5ab-18eb-4368-9dde-f02a9d91a4ed,erikjdesilva16,4/11/2023 8:22:28 PM,erikjdesilva16,4/11/2023 8:22:28 PM,11,,east
s,wl,,89,88745b27-a4ed-4888-ac90-80cb3248a139,edd9d5ab-18eb-4368-9dde-f02a9d91a4ed,erikjdesilva16,4/11/2023 8:22:40 PM,erikjdesilva16,4/11/2023 8:22:40 PM,11.5,,east
s,hl,,90,c82f8993-6df5-4ff7-89aa-a12fc509dbac,edd9d5ab-18eb-4368-9dde-f02a9d91a4ed,erikjdesilva16,4/11/2023 8:23:02 PM,erikjdesilva16,4/11/2023 8:23:02 PM,12,,east
s,hl,,91,dea4994d-c502-4561-9b60-8239ac282504,edd9d5ab-18eb-4368-9dde-f02a9d91a4ed,erikjdesilva16,4/11/2023 8:23:19 PM,erikjdesilva16,4/11/2023 8:23:19 PM,12.5,,east
pg,pg,,95,d8dc31fd-766e-4287-bed6-5b0e1d182207,f3e6d810-cfe2-484a-a3da-579ed531900c,erikjdesilva16,4/26/2023 10:38:35 PM,erikjdesilva16,4/26/2023 10:38:35 PM,0.5,,north
t,hl,,96,9882b0f5-a475-4166-9ed8-9cede5d07401,f3e6d810-cfe2-484a-a3da-579ed531900c,erikjdesilva16,4/26/2023 10:39:03 PM,erikjdesilva16,4/26/2023 10:39:55 PM,1,,north
t,so,,97,3d88c821-e510-433f-ad1e-56eca877b00d,f3e6d810-cfe2-484a-a3da-579ed531900c,erikjdesilva16,4/26/2023 10:40:20 PM,erikjdesilva16,4/26/2023 10:40:20 PM,1.5,,north
t,so,,98,10e9fedb-2854-48e5-9a0b-65386e075902,f3e6d810-cfe2-484a-a3da-579ed531900c,erikjdesilva16,4/26/2023 10:40:50 PM,erikjdesilva16,4/26/2023 10:40:50 PM,2,,north
pg,hl,,99,02676a5c-db78-46fa-9651-407c0b3288f4,f3e6d810-cfe2-484a-a3da-579ed531900c,erikjdesilva16,4/26/2023 10:41:51 PM,erikjdesilva16,4/26/2023 10:41:51 PM,2.5,,north
t,so,,100,ca1b8c22-e985-437c-9f98-5bb4f0a0b4d9,f3e6d810-cfe2-484a-a3da-579ed531900c,erikjdesilva16,4/26/2023 10:42:12 PM,erikjdesilva16,4/26/2023 10:42:12 PM,3,,north
t,m l bc,,101,dd40e68a-7642-4167-acff-f338097ff73b,f3e6d810-cfe2-484a-a3da-579ed531900c,erikjdesilva16,4/26/2023 10:42:43 PM,erikjdesilva16,4/26/2023 10:42:43 PM,3.5,,north
t,m l bc,,102,a72277bf-8b75-49ee-9372-18bbcf9aa3dc,f3e6d810-cfe2-484a-a3da-579ed531900c,erikjdesilva16,4/26/2023 10:43:01 PM,erikjdesilva16,4/26/2023 10:43:01 PM,4,,north
t,hl,,103,b0e1a743-f38c-4567-b31a-403e5c9ea2dd,f3e6d810-cfe2-484a-a3da-579ed531900c,erikjdesilva16,4/26/2023 10:43:24 PM,erikjdesilva16,4/26/2023 10:43:24 PM,4.5,,north
t,wl,,104,4e120661-beab-473d-8499-e84c7ee5e5a4,f3e6d810-cfe2-484a-a3da-579ed531900c,erikjdesilva16,4/26/2023 10:43:55 PM,erikjdesilva16,4/26/2023 10:43:55 PM,5,,north
t,so,,105,881b4549-6088-4e51-803f-b7816d28c478,f3e6d810-cfe2-484a-a3da-579ed531900c,erikjdesilva16,4/26/2023 10:44:32 PM,erikjdesilva16,4/26/2023 10:44:32 PM,5.5,,north
t,m l bc,,106,87502683-8d34-4167-9867-aba59f73cd12,f3e6d810-cfe2-484a-a3da-579ed531900c,erikjdesilva16,4/26/2023 10:45:02 PM,erikjdesilva16,4/26/2023 10:45:02 PM,6,,north
t,hl,,107,04d7ff38-587a-4715-b0ba-5768a164840c,f3e6d810-cfe2-484a-a3da-579ed531900c,erikjdesilva16,4/26/2023 10:45:26 PM,erikjdesilva16,4/26/2023 10:45:26 PM,6.5,,north
pg,hl,,108,035a6ace-22b3-4987-a6d8-3116005b6432,f3e6d810-cfe2-484a-a3da-579ed531900c,erikjdesilva16,4/26/2023 10:45:54 PM,erikjdesilva16,4/26/2023 10:45:54 PM,7,,north
t,hl,,109,d3bbe862-8eb4-4453-b0fe-2134d3838d45,f3e6d810-cfe2-484a-a3da-579ed531900c,erikjdesilva16,4/26/2023 10:47:40 PM,erikjdesilva16,4/26/2023 10:47:40 PM,7.5,,north
pg,hl,,110,bff18614-4436-4b35-a5ac-c0fe66fa924b,f3e6d810-cfe2-484a-a3da-579ed531900c,erikjdesilva16,4/26/2023 10:48:28 PM,erikjdesilva16,4/26/2023 10:48:28 PM,8,,north
t,hl,,111,e129c935-31a1-40dc-8879-9e513a0a871e,f3e6d810-cfe2-484a-a3da-579ed531900c,erikjdesilva16,4/26/2023 10:48:46 PM,erikjdesilva16,4/26/2023 10:48:46 PM,8.5,,north
pg,hl,,112,8841761d-4692-4ac5-90ea-6f4b3a8c79f5,f3e6d810-cfe2-484a-a3da-579ed531900c,erikjdesilva16,4/26/2023 10:49:00 PM,erikjdesilva16,4/26/2023 10:49:00 PM,9,,north
s,hl,,113,8bd68388-fa82-44d5-a54b-0d77691b58b1,f3e6d810-cfe2-484a-a3da-579ed531900c,erikjdesilva16,4/26/2023 10:49:24 PM,erikjdesilva16,4/26/2023 10:49:24 PM,9.5,,north
t,hl,,114,4ea266f8-3fcf-4fa4-9fb7-ff2763142049,f3e6d810-cfe2-484a-a3da-579ed531900c,erikjdesilva16,4/26/2023 10:49:44 PM,erikjdesilva16,4/26/2023 10:49:44 PM,10,,north
t,hl,,115,160ff2dd-1119-4b20-b185-4da1cf875fd6,f3e6d810-cfe2-484a-a3da-579ed531900c,erikjdesilva16,4/26/2023 10:50:05 PM,erikjdesilva16,4/26/2023 10:50:05 PM,10.5,,north
t,hl,,116,6e059fa1-dd2e-4622-9326-9ab7bc7e87a8,f3e6d810-cfe2-484a-a3da-579ed531900c,erikjdesilva16,4/26/2023 10:50:30 PM,erikjdesilva16,4/26/2023 10:50:30 PM,11,,north
t,hl,,117,69c1a59b-0356-4803-a00b-27ad123afb5d,f3e6d810-cfe2-484a-a3da-579ed531900c,erikjdesilva16,4/26/2023 10:50:46 PM,erikjdesilva16,4/26/2023 10:50:46 PM,11.5,,north
t,hl,,118,ce7ade72-0b41-496f-abbe-0dc2bae30b78,f3e6d810-cfe2-484a-a3da-579ed531900c,erikjdesilva16,4/26/2023 10:51:03 PM,erikjdesilva16,4/26/2023 10:51:03 PM,12,,north
t,hl,,119,744e6487-d9ab-4f6e-be2e-eb9dde1b821e,f3e6d810-cfe2-484a-a3da-579ed531900c,erikjdesilva16,4/26/2023 10:51:21 PM,erikjdesilva16,4/26/2023 10:51:21 PM,12.5,,north
pg,hl,,120,a774c996-5043-495e-89ae-5e4c432fc3a2,f3e6d810-cfe2-484a-a3da-579ed531900c,erikjdesilva16,4/26/2023 10:54:45 PM,erikjdesilva16,4/26/2023 10:54:45 PM,0.5,,east
pg,hl,,121,9575949c-12b7-4e50-a91b-3ada2379da99,f3e6d810-cfe2-484a-a3da-579ed531900c,erikjdesilva16,4/26/2023 10:55:05 PM,erikjdesilva16,4/26/2023 10:55:05 PM,1,,east
t,so,,122,41067f6f-e91c-484a-95da-72bec4d57d85,f3e6d810-cfe2-484a-a3da-579ed531900c,erikjdesilva16,4/26/2023 10:55:26 PM,erikjdesilva16,4/26/2023 10:55:26 PM,1.5,,east
t,hl,,123,095282ca-eb90-4a87-ac10-be89a1bf75cf,f3e6d810-cfe2-484a-a3da-579ed531900c,erikjdesilva16,4/26/2023 10:55:48 PM,erikjdesilva16,4/26/2023 10:55:48 PM,2,,east
t,so,,124,534c5409-203c-4323-968c-ea6eb90134fd,f3e6d810-cfe2-484a-a3da-579ed531900c,erikjdesilva16,4/26/2023 10:57:26 PM,erikjdesilva16,4/26/2023 10:57:26 PM,2.5,,east
t,so,,125,0c8caa56-a196-43ee-8238-d83ffd7f328a,f3e6d810-cfe2-484a-a3da-579ed531900c,erikjdesilva16,4/26/2023 10:57:56 PM,erikjdesilva16,4/26/2023 10:57:56 PM,3,,east
t,so,,126,7fcec7b7-eaba-4b36-a5e3-74c1366c7465,f3e6d810-cfe2-484a-a3da-579ed531900c,erikjdesilva16,4/26/2023 10:58:17 PM,erikjdesilva16,4/26/2023 10:58:17 PM,3.5,,east
t,hl,,127,c045eecb-62d9-4a2f-b616-8ea2dab44dba,f3e6d810-cfe2-484a-a3da-579ed531900c,erikjdesilva16,4/26/2023 10:58:32 PM,erikjdesilva16,4/26/2023 10:58:32 PM,4,,east
t,hl,,128,5aa26115-b8ff-4d74-a694-fe3704503ff8,f3e6d810-cfe2-484a-a3da-579ed531900c,erikjdesilva16,4/26/2023 10:58:50 PM,erikjdesilva16,4/26/2023 10:58:50 PM,4.5,,east
pg,so,,129,0c8dc4df-a564-47d4-a305-02a3b0993ca5,f3e6d810-cfe2-484a-a3da-579ed531900c,erikjdesilva16,4/26/2023 10:59:19 PM,erikjdesilva16,4/26/2023 10:59:19 PM,5,,east
t,hl,,130,9e24908f-a369-43e0-91c5-9d9a0d32f0af,f3e6d810-cfe2-484a-a3da-579ed531900c,erikjdesilva16,4/26/2023 10:59:52 PM,erikjdesilva16,4/26/2023 10:59:52 PM,5.5,,east
pg,hl,,131,9649f076-1984-4441-9bdc-8f10d148684b,f3e6d810-cfe2-484a-a3da-579ed531900c,erikjdesilva16,4/26/2023 11:01:04 PM,erikjdesilva16,4/26/2023 11:01:04 PM,6,,east
t,r,,132,9cc8d8c8-dd4b-415c-a92e-ee3f6c6bd0a7,f3e6d810-cfe2-484a-a3da-579ed531900c,erikjdesilva16,4/26/2023 11:01:23 PM,erikjdesilva16,4/26/2023 11:01:23 PM,6.5,,east
pg,so,,133,b4a9244a-4d52-4e6d-8596-c159b395478b,f3e6d810-cfe2-484a-a3da-579ed531900c,erikjdesilva16,4/26/2023 11:01:48 PM,erikjdesilva16,4/26/2023 11:01:48 PM,7,,east
t,hl,,134,8ee4ff08-c580-483a-8203-66c95f04bc99,f3e6d810-cfe2-484a-a3da-579ed531900c,erikjdesilva16,4/26/2023 11:02:17 PM,erikjdesilva16,4/26/2023 11:02:17 PM,7.5,,east
t,so,,135,7d871d08-f357-4989-a3e0-ade379fb09c1,f3e6d810-cfe2-484a-a3da-579ed531900c,erikjdesilva16,4/26/2023 11:02:43 PM,erikjdesilva16,4/26/2023 11:02:43 PM,8,,east
pg,so,,136,0fb089a1-a058-4736-b655-a4baf3813bff,f3e6d810-cfe2-484a-a3da-579ed531900c,erikjdesilva16,4/26/2023 11:03:06 PM,erikjdesilva16,4/26/2023 11:03:06 PM,8.5,,east
t,so,,137,5315f218-433d-43a3-81ab-68d5611ef87a,f3e6d810-cfe2-484a-a3da-579ed531900c,erikjdesilva16,4/26/2023 11:03:37 PM,erikjdesilva16,4/26/2023 11:03:46 PM,9,,east
t,hl,,138,390ab46d-0f5f-4e05-8246-6e2c50a62421,f3e6d810-cfe2-484a-a3da-579ed531900c,erikjdesilva16,4/26/2023 11:04:01 PM,erikjdesilva16,4/26/2023 11:04:01 PM,9.5,,east
t,hl,,139,43e658f6-ef83-4952-8b86-a2388d28f8b1,f3e6d810-cfe2-484a-a3da-579ed531900c,erikjdesilva16,4/26/2023 11:04:13 PM,erikjdesilva16,4/26/2023 11:04:13 PM,10,,east
t,so,,140,e1cc365c-5bf4-404e-b969-a98c4634635c,f3e6d810-cfe2-484a-a3da-579ed531900c,erikjdesilva16,4/26/2023 11:04:38 PM,erikjdesilva16,4/26/2023 11:04:38 PM,10.5,,east
t,hl,,141,67630f06-9702-41bb-b36f-12ba0a5f87ea,f3e6d810-cfe2-484a-a3da-579ed531900c,erikjdesilva16,4/26/2023 11:04:51 PM,erikjdesilva16,4/26/2023 11:04:51 PM,11,,east
t,so,,142,e6a24d5c-6406-4ab1-b195-911b8bf7d0be,f3e6d810-cfe2-484a-a3da-579ed531900c,erikjdesilva16,4/26/2023 11:05:04 PM,erikjdesilva16,4/26/2023 11:05:04 PM,11.5,,east
t,hl,,143,380fded9-a807-44e1-aa26-d3cb7efe421c,f3e6d810-cfe2-484a-a3da-579ed531900c,erikjdesilva16,4/26/2023 11:05:18 PM,erikjdesilva16,4/26/2023 11:05:18 PM,12,,east
t,hl,,144,dc83ad4b-ca20-4368-b3d4-b8a706571523,f3e6d810-cfe2-484a-a3da-579ed531900c,erikjdesilva16,4/26/2023 11:05:31 PM,erikjdesilva16,4/26/2023 11:05:31 PM,12.5,,east
np,su,,145,91831182-1038-4478-b65c-fb87a4f9cc26,,erikjdesilva16,5/15/2023 4:00:15 AM,erikjdesilva16,5/15/2023 4:01:17 AM,0.5,,east
pf,pg,,146,26dcf5fb-73b3-4499-bb54-64f595a7650f,,erikjdesilva16,5/15/2023 4:01:45 AM,erikjdesilva16,5/15/2023 4:01:45 AM,0.5,,north
pf,hl,,147,2791a56c-4cc9-4987-a72b-e1fa06103491,,erikjdesilva16,5/15/2023 4:12:18 AM,erikjdesilva16,5/15/2023 4:12:18 AM,1,,north
np,hl,,148,859663b6-463e-4463-8d24-fe92924efc6b,b1ef1946-234e-44cf-a7d8-6a2052788c3f,erikjdesilva16,5/16/2023 4:06:00 PM,erikjdesilva16,5/16/2023 4:06:00 PM,0.5,,east
np,hl,,149,056bf1a5-3b43-45e5-8dbb-856c38539ff5,b1ef1946-234e-44cf-a7d8-6a2052788c3f,erikjdesilva16,5/16/2023 4:07:13 PM,erikjdesilva16,5/16/2023 4:07:13 PM,1,,east
np,hl,,150,8eef5231-d4b3-4923-ae10-51961eedd196,b1ef1946-234e-44cf-a7d8-6a2052788c3f,erikjdesilva16,5/16/2023 4:08:13 PM,erikjdesilva16,5/16/2023 4:08:13 PM,1.5,,east
pg,hl,,151,9c4bb212-e651-4beb-8c45-bebadf998de4,b1ef1946-234e-44cf-a7d8-6a2052788c3f,erikjdesilva16,5/16/2023 4:10:34 PM,erikjdesilva16,5/16/2023 4:10:34 PM,2,,east
np,hl,,152,c37b8912-9594-4977-8be1-a0faa4ae56f6,927198bf-69b5-4bc2-bfcf-a6c4b5b98161,erikjdesilva16,5/17/2023 2:11:07 AM,erikjdesilva16,5/17/2023 2:11:07 AM,0.5,,north
np,hl,,153,3b420990-cb74-4205-8517-9514cf9b13f2,927198bf-69b5-4bc2-bfcf-a6c4b5b98161,erikjdesilva16,5/17/2023 2:11:33 AM,erikjdesilva16,5/17/2023 2:11:33 AM,1,,north
af,so,,154,dba0501a-0624-4a51-a494-9afba83b4362,927198bf-69b5-4bc2-bfcf-a6c4b5b98161,erikjdesilva16,5/17/2023 2:12:30 AM,erikjdesilva16,5/17/2023 2:12:30 AM,1.5,,north
np,hl,,155,97b2d7df-af44-407f-86c3-75e177db1d2e,927198bf-69b5-4bc2-bfcf-a6c4b5b98161,erikjdesilva16,5/17/2023 2:13:32 AM,erikjdesilva16,5/17/2023 2:13:32 AM,2,,north
np,hl,,156,1ac2430e-5c68-4ae4-9fc7-ee60a3ad2a3f,927198bf-69b5-4bc2-bfcf-a6c4b5b98161,erikjdesilva16,5/17/2023 2:14:11 AM,erikjdesilva16,5/17/2023 2:14:11 AM,2.5,,north
np,hl,,157,fd0dbd0a-c1cc-468f-b8e0-e5a730bc4b78,927198bf-69b5-4bc2-bfcf-a6c4b5b98161,erikjdesilva16,5/17/2023 2:14:35 AM,erikjdesilva16,5/17/2023 2:14:35 AM,3,,north
np,hl,,158,bf7a15d4-bc0c-455e-914f-7cd6dd3d27cd,927198bf-69b5-4bc2-bfcf-a6c4b5b98161,erikjdesilva16,5/17/2023 2:14:50 AM,erikjdesilva16,5/17/2023 2:14:50 AM,3.5,,north
np,hl,,159,e221afb4-2b72-42d1-9b40-898e7d19a95e,927198bf-69b5-4bc2-bfcf-a6c4b5b98161,erikjdesilva16,5/17/2023 2:15:12 AM,erikjdesilva16,5/17/2023 2:15:12 AM,4,,north
af,hl,,160,741c5ebc-3c89-4bd8-8682-d0c21aac04bf,927198bf-69b5-4bc2-bfcf-a6c4b5b98161,erikjdesilva16,5/17/2023 2:15:46 AM,erikjdesilva16,5/17/2023 2:15:46 AM,4.5,,north
np,hl,,161,60194be8-898c-47a2-96b9-8a8547351bd0,927198bf-69b5-4bc2-bfcf-a6c4b5b98161,erikjdesilva16,5/17/2023 2:16:04 AM,erikjdesilva16,5/17/2023 2:16:04 AM,5,,north
np,so,,162,8c283b65-3475-4b68-b64f-e8fa3ac5117f,927198bf-69b5-4bc2-bfcf-a6c4b5b98161,erikjdesilva16,5/17/2023 2:16:26 AM,erikjdesilva16,5/17/2023 2:16:26 AM,5.5,,north
np,hl,,163,5db3d087-f312-4ddc-b346-fefea3575c2f,927198bf-69b5-4bc2-bfcf-a6c4b5b98161,erikjdesilva16,5/17/2023 2:16:52 AM,erikjdesilva16,5/17/2023 2:16:52 AM,6,,north
np,hl,,164,704f1610-1dfc-4a4d-a2fb-768300e3fd9e,927198bf-69b5-4bc2-bfcf-a6c4b5b98161,erikjdesilva16,5/17/2023 2:17:09 AM,erikjdesilva16,5/17/2023 2:17:09 AM,6.5,,north
np,so,,165,f113e37c-af98-4ba5-bd77-1061218bdc3a,927198bf-69b5-4bc2-bfcf-a6c4b5b98161,erikjdesilva16,5/17/2023 2:17:35 AM,erikjdesilva16,5/17/2023 2:17:35 AM,7,,north
pg,hl,,166,c40f68e7-5080-4083-9abc-272c82841b44,927198bf-69b5-4bc2-bfcf-a6c4b5b98161,erikjdesilva16,5/17/2023 2:17:52 AM,erikjdesilva16,5/17/2023 2:17:52 AM,7.5,,north
np,r,,167,55fb1b3a-39b3-4c14-962b-b6649620914b,927198bf-69b5-4bc2-bfcf-a6c4b5b98161,erikjdesilva16,5/17/2023 2:18:11 AM,erikjdesilva16,5/17/2023 2:18:11 AM,8,,north
np,hl,,168,2d609182-afa6-4e76-98bd-23de781e0a87,927198bf-69b5-4bc2-bfcf-a6c4b5b98161,erikjdesilva16,5/17/2023 2:18:29 AM,erikjdesilva16,5/17/2023 2:18:29 AM,8.5,,north
np,hl,,169,dfbc4964-84a6-40c5-b1c6-c81a05d1d604,927198bf-69b5-4bc2-bfcf-a6c4b5b98161,erikjdesilva16,5/17/2023 2:18:46 AM,erikjdesilva16,5/17/2023 2:18:46 AM,9,,north
pg,pg,,170,3a8fc84e-8e0a-42bc-8c28-9c8e2e748b2a,927198bf-69b5-4bc2-bfcf-a6c4b5b98161,erikjdesilva16,5/17/2023 2:19:04 AM,erikjdesilva16,5/17/2023 2:19:04 AM,9.5,,north
pg,hl,,171,4c514300-af0e-47e3-b806-ca1d57e5df71,927198bf-69b5-4bc2-bfcf-a6c4b5b98161,erikjdesilva16,5/17/2023 2:19:19 AM,erikjdesilva16,5/17/2023 2:19:19 AM,10,,north
pg,pg,,172,7089e50f-84c1-41b4-807d-7a1435532aee,927198bf-69b5-4bc2-bfcf-a6c4b5b98161,erikjdesilva16,5/17/2023 2:19:37 AM,erikjdesilva16,5/17/2023 2:19:37 AM,10.5,,north
np,hl,,173,d9ca528b-668b-451c-8f78-786419c4b732,927198bf-69b5-4bc2-bfcf-a6c4b5b98161,erikjdesilva16,5/17/2023 2:19:56 AM,erikjdesilva16,5/17/2023 2:19:56 AM,11,,north
np,r,,174,72d5d273-1293-4942-b974-d8f3e33e7c49,927198bf-69b5-4bc2-bfcf-a6c4b5b98161,erikjdesilva16,5/17/2023 2:20:11 AM,erikjdesilva16,5/17/2023 2:20:11 AM,11.5,,north
np,hl,,175,94cfe5c7-5c04-4444-afde-3d24243088e9,927198bf-69b5-4bc2-bfcf-a6c4b5b98161,erikjdesilva16,5/17/2023 2:20:28 AM,erikjdesilva16,5/17/2023 2:20:28 AM,12,,north
np,hl,,176,4134a207-df47-44e0-8ef7-edde0100b464,927198bf-69b5-4bc2-bfcf-a6c4b5b98161,erikjdesilva16,5/17/2023 2:20:43 AM,erikjdesilva16,5/17/2023 2:20:43 AM,12.5,,north
np,r,,177,ac81f7e0-28f7-464b-b43c-0acc6f216400,927198bf-69b5-4bc2-bfcf-a6c4b5b98161,erikjdesilva16,5/17/2023 2:21:03 AM,erikjdesilva16,5/17/2023 2:21:03 AM,0.5,,east
np,r,,178,e3e605b3-e6e4-4bd8-b42e-df157b91aa57,927198bf-69b5-4bc2-bfcf-a6c4b5b98161,erikjdesilva16,5/17/2023 2:21:17 AM,erikjdesilva16,5/17/2023 2:21:17 AM,1,,east
np,hl,,179,1cae9cc1-5564-4519-b74e-6e43707014da,927198bf-69b5-4bc2-bfcf-a6c4b5b98161,erikjdesilva16,5/17/2023 2:21:31 AM,erikjdesilva16,5/17/2023 2:21:31 AM,1.5,,east
np,so,,180,6933ab6d-05c1-42ee-bfe2-adbd8ccd3630,927198bf-69b5-4bc2-bfcf-a6c4b5b98161,erikjdesilva16,5/17/2023 2:21:48 AM,erikjdesilva16,5/17/2023 2:21:48 AM,2,,east
pg,hl,,181,8d167063-b449-4285-b143-cd0b5473c0e9,927198bf-69b5-4bc2-bfcf-a6c4b5b98161,erikjdesilva16,5/17/2023 2:22:04 AM,erikjdesilva16,5/17/2023 2:22:04 AM,2.5,,east
np,hl,,182,ca5c9843-93e9-4b0b-a3bd-565ab0a38df9,927198bf-69b5-4bc2-bfcf-a6c4b5b98161,erikjdesilva16,5/17/2023 2:22:19 AM,erikjdesilva16,5/17/2023 2:22:19 AM,3,,east
np,r,,183,02c79e88-3990-481f-92f7-98bc488a2330,927198bf-69b5-4bc2-bfcf-a6c4b5b98161,erikjdesilva16,5/17/2023 2:22:38 AM,erikjdesilva16,5/17/2023 2:22:38 AM,3.5,,east
np,hl,,184,af11439b-aad0-4f7c-8bc5-fccbbe117f09,927198bf-69b5-4bc2-bfcf-a6c4b5b98161,erikjdesilva16,5/17/2023 2:22:54 AM,erikjdesilva16,5/17/2023 2:22:54 AM,4,,east
np,wl,,185,a1320ac3-23fc-441b-8365-4128c08e6cd6,927198bf-69b5-4bc2-bfcf-a6c4b5b98161,erikjdesilva16,5/17/2023 2:23:10 AM,erikjdesilva16,5/17/2023 2:23:10 AM,4.5,,east
pf,hl,,186,311b79c7-4324-4338-b071-454524837fe6,927198bf-69b5-4bc2-bfcf-a6c4b5b98161,erikjdesilva16,5/17/2023 2:23:31 AM,erikjdesilva16,5/17/2023 2:23:31 AM,5,,east
pg,hl,,187,fbbb1f43-e52d-46cf-829b-d41b6fa2b127,927198bf-69b5-4bc2-bfcf-a6c4b5b98161,erikjdesilva16,5/17/2023 2:24:26 AM,erikjdesilva16,5/17/2023 2:24:26 AM,5.5,,east
np,hl,,188,e8b9d8c3-165a-4303-9c98-d6b9dcc4a138,927198bf-69b5-4bc2-bfcf-a6c4b5b98161,erikjdesilva16,5/17/2023 2:25:33 AM,erikjdesilva16,5/17/2023 2:25:33 AM,6,,east
np,wl,,189,cf513111-da45-4ea7-91b3-f087d15fc3f4,927198bf-69b5-4bc2-bfcf-a6c4b5b98161,erikjdesilva16,5/17/2023 2:25:48 AM,erikjdesilva16,5/17/2023 2:25:48 AM,6.5,,east
np,hl,,190,5e42e5ab-e19d-4fd3-a083-7ba9878e22ee,927198bf-69b5-4bc2-bfcf-a6c4b5b98161,erikjdesilva16,5/17/2023 2:26:06 AM,erikjdesilva16,5/17/2023 2:26:06 AM,7,,east
np,wl,,191,47b1a284-6be9-487e-865a-6d32c973a2cd,927198bf-69b5-4bc2-bfcf-a6c4b5b98161,erikjdesilva16,5/17/2023 2:26:49 AM,erikjdesilva16,5/17/2023 2:26:49 AM,7.5,,east
np,hl,,192,239d760a-46a8-43a2-88f0-8f2d56cc3d1f,927198bf-69b5-4bc2-bfcf-a6c4b5b98161,erikjdesilva16,5/17/2023 2:27:42 AM,erikjdesilva16,5/17/2023 2:27:42 AM,8,,east
np,r,,193,6aa87f52-3288-42fe-8488-dde637343503,927198bf-69b5-4bc2-bfcf-a6c4b5b98161,erikjdesilva16,5/17/2023 2:28:07 AM,erikjdesilva16,5/17/2023 2:28:07 AM,8.5,,east
np,hl,,194,da8bcbbe-9258-4877-b1b3-d16f3c0ab0e5,927198bf-69b5-4bc2-bfcf-a6c4b5b98161,erikjdesilva16,5/17/2023 2:28:31 AM,erikjdesilva16,5/17/2023 2:28:31 AM,9,,east
np,hl,,195,a45c1111-0928-44c6-8945-10f55d8d7d16,927198bf-69b5-4bc2-bfcf-a6c4b5b98161,erikjdesilva16,5/17/2023 2:28:49 AM,erikjdesilva16,5/17/2023 2:28:49 AM,9.5,,east
np,so,,196,b8d909c3-4075-4a0b-adc9-eeda96caf891,927198bf-69b5-4bc2-bfcf-a6c4b5b98161,erikjdesilva16,5/17/2023 2:29:07 AM,erikjdesilva16,5/17/2023 2:29:07 AM,10,,east
np,t,,197,a4ab08f9-cf82-4f67-bbf9-3c6501624c40,927198bf-69b5-4bc2-bfcf-a6c4b5b98161,erikjdesilva16,5/17/2023 2:29:38 AM,erikjdesilva16,5/17/2023 2:29:38 AM,10.5,,east
np,hl,,198,a7d30c20-76bc-4fc4-a893-12f1784ff5a3,927198bf-69b5-4bc2-bfcf-a6c4b5b98161,erikjdesilva16,5/17/2023 2:30:09 AM,erikjdesilva16,5/17/2023 2:30:09 AM,11,,east
np,hl,,199,916ccbce-6e73-4066-b5a1-7c169941eda9,927198bf-69b5-4bc2-bfcf-a6c4b5b98161,erikjdesilva16,5/17/2023 2:30:24 AM,erikjdesilva16,5/17/2023 2:30:24 AM,11.5,,east
np,hl,,200,f7b510d4-913b-46cf-9998-c09552b6f099,927198bf-69b5-4bc2-bfcf-a6c4b5b98161,erikjdesilva16,5/17/2023 2:30:38 AM,erikjdesilva16,5/17/2023 2:30:38 AM,12,,east
np,r,,201,92600954-84b3-47d5-b402-30d61ace9f58,927198bf-69b5-4bc2-bfcf-a6c4b5b98161,erikjdesilva16,5/17/2023 2:30:52 AM,erikjdesilva16,5/17/2023 2:30:52 AM,12.5,,east
np,so,,202,b36f384d-4c9d-4063-ab84-7387d1d7811d,b1ef1946-234e-44cf-a7d8-6a2052788c3f,erikjdesilva16,5/17/2023 2:55:34 AM,erikjdesilva16,5/17/2023 2:55:34 AM,2.5,,east
np,hl,,203,d62a6ba2-3d2c-4c70-86c6-04930f08f67d,b1ef1946-234e-44cf-a7d8-6a2052788c3f,erikjdesilva16,5/17/2023 2:55:51 AM,erikjdesilva16,5/17/2023 2:55:51 AM,3,,east
np,hl,,204,1636e732-6745-4577-bf5a-fb9d85f7ab0a,b1ef1946-234e-44cf-a7d8-6a2052788c3f,erikjdesilva16,5/17/2023 2:56:56 AM,erikjdesilva16,5/17/2023 2:56:56 AM,3.5,,east
np,hl,,205,0e769d72-6618-4fe2-8c8b-c278a5a7f26d,b1ef1946-234e-44cf-a7d8-6a2052788c3f,erikjdesilva16,5/17/2023 2:57:22 AM,erikjdesilva16,5/17/2023 2:57:22 AM,4,,east
np,hl,,206,b23d4a5e-b027-4067-8d14-33d179c1988f,b1ef1946-234e-44cf-a7d8-6a2052788c3f,erikjdesilva16,5/17/2023 2:57:43 AM,erikjdesilva16,5/17/2023 2:57:43 AM,4.5,,east
pg,hl,,207,6f935310-3af2-4ba0-aca6-32c42b81075c,b1ef1946-234e-44cf-a7d8-6a2052788c3f,erikjdesilva16,5/17/2023 2:58:05 AM,erikjdesilva16,5/17/2023 2:58:05 AM,5,,east
np,so,,208,31cf1a10-a410-410c-81bb-a5355a156137,b1ef1946-234e-44cf-a7d8-6a2052788c3f,erikjdesilva16,5/17/2023 2:58:23 AM,erikjdesilva16,5/17/2023 2:58:23 AM,5.5,,east
np,so,,209,9e3dc701-6921-45d5-ab6e-b492196c1d27,b1ef1946-234e-44cf-a7d8-6a2052788c3f,erikjdesilva16,5/17/2023 2:58:53 AM,erikjdesilva16,5/17/2023 2:58:53 AM,6,,east
np,so,,210,5cf2f794-db60-4c8d-bdd5-a9c860cafd45,b1ef1946-234e-44cf-a7d8-6a2052788c3f,erikjdesilva16,5/17/2023 2:59:12 AM,erikjdesilva16,5/17/2023 2:59:12 AM,6.5,,east
np,hl,,211,e364a593-4d20-42e3-a2d8-b321609ec086,b1ef1946-234e-44cf-a7d8-6a2052788c3f,erikjdesilva16,5/17/2023 2:59:28 AM,erikjdesilva16,5/17/2023 2:59:28 AM,7,,east
np,hl,,212,14c7b4a6-c0bc-4eb6-99f3-611f31b39275,b1ef1946-234e-44cf-a7d8-6a2052788c3f,erikjdesilva16,5/17/2023 2:59:42 AM,erikjdesilva16,5/17/2023 2:59:42 AM,7.5,,east
np,hl,,213,cb8f8924-45a5-4650-95f6-998f43aa2f5c,b1ef1946-234e-44cf-a7d8-6a2052788c3f,erikjdesilva16,5/17/2023 2:59:54 AM,erikjdesilva16,5/17/2023 2:59:54 AM,8,,east
np,pg,,214,ba2a321e-dc0c-42e1-9ba5-5b14c2ef630f,b1ef1946-234e-44cf-a7d8-6a2052788c3f,erikjdesilva16,5/17/2023 3:00:11 AM,erikjdesilva16,5/17/2023 3:00:11 AM,8.5,,east
np,hl,,215,66761ab9-2a43-421a-bf2d-ed03016151c2,b1ef1946-234e-44cf-a7d8-6a2052788c3f,erikjdesilva16,5/17/2023 3:00:29 AM,erikjdesilva16,5/17/2023 3:00:29 AM,9,,east
np,hl,,216,873788d2-ede2-422e-941c-68a09dd972ac,b1ef1946-234e-44cf-a7d8-6a2052788c3f,erikjdesilva16,5/17/2023 3:00:41 AM,erikjdesilva16,5/17/2023 3:00:41 AM,9.5,,east
np,so,,217,c05e73b1-1f25-46a7-8660-c51ab7bfe426,b1ef1946-234e-44cf-a7d8-6a2052788c3f,erikjdesilva16,5/17/2023 3:00:54 AM,erikjdesilva16,5/17/2023 3:00:54 AM,10,,east
np,hl,,218,20aa240c-6cc0-4dd5-86a3-2360398464b9,b1ef1946-234e-44cf-a7d8-6a2052788c3f,erikjdesilva16,5/17/2023 3:01:10 AM,erikjdesilva16,5/17/2023 3:01:10 AM,10.5,,east
np,wl,,219,7f51c6a1-ceeb-4015-bcd2-d1736b0b92a5,b1ef1946-234e-44cf-a7d8-6a2052788c3f,erikjdesilva16,5/17/2023 3:01:26 AM,erikjdesilva16,5/17/2023 3:01:26 AM,11,,east
pg,hl,,220,03e5415d-f96d-4f0a-a52f-9fe75bbbba43,b1ef1946-234e-44cf-a7d8-6a2052788c3f,erikjdesilva16,5/17/2023 3:01:42 AM,erikjdesilva16,5/17/2023 3:01:42 AM,11.5,,east
np,hl,,221,2798b812-10bb-4df1-89ae-bc85dc390531,b1ef1946-234e-44cf-a7d8-6a2052788c3f,erikjdesilva16,5/17/2023 3:01:57 AM,erikjdesilva16,5/17/2023 3:01:57 AM,12,,east
pg,hl,,222,24423f23-2bcd-4b3f-b9ca-b6cdda36118a,b1ef1946-234e-44cf-a7d8-6a2052788c3f,erikjdesilva16,5/17/2023 3:02:09 AM,erikjdesilva16,5/17/2023 3:02:09 AM,12.5,,east
np,so,,223,732d00d8-09a4-4e13-9792-69f8ef0219a0,b1ef1946-234e-44cf-a7d8-6a2052788c3f,erikjdesilva16,5/17/2023 3:02:21 AM,erikjdesilva16,5/17/2023 3:02:21 AM,0.5,,north
np,hl,,224,b321e80e-1850-423e-add4-9cd373673a61,b1ef1946-234e-44cf-a7d8-6a2052788c3f,erikjdesilva16,5/17/2023 3:02:32 AM,erikjdesilva16,5/17/2023 3:02:32 AM,1,,north
np,hl,,225,a77f091e-692b-431a-ae44-00aa39d4e94d,b1ef1946-234e-44cf-a7d8-6a2052788c3f,erikjdesilva16,5/17/2023 3:02:46 AM,erikjdesilva16,5/17/2023 3:02:46 AM,1.5,,north
np,so,,226,44007d22-d803-4eb0-8485-9e3c984350ef,b1ef1946-234e-44cf-a7d8-6a2052788c3f,erikjdesilva16,5/17/2023 3:02:56 AM,erikjdesilva16,5/17/2023 3:02:56 AM,2,,north
np,pg,,227,b2927ab9-16a9-45bd-b36f-bdbb300e24d7,b1ef1946-234e-44cf-a7d8-6a2052788c3f,erikjdesilva16,5/17/2023 3:03:14 AM,erikjdesilva16,5/17/2023 3:03:14 AM,2.5,,north
np,hl,,228,cfb1d10d-0389-4fc8-93cb-7e71377cb8da,b1ef1946-234e-44cf-a7d8-6a2052788c3f,erikjdesilva16,5/17/2023 3:03:34 AM,erikjdesilva16,5/17/2023 3:03:34 AM,3,,north
np,r,,229,f7afe0de-b093-4fc9-9227-51e3fe99753d,b1ef1946-234e-44cf-a7d8-6a2052788c3f,erikjdesilva16,5/17/2023 3:03:48 AM,erikjdesilva16,5/17/2023 3:03:48 AM,3.5,,north
np,pg,,230,9dbc49d0-436d-4faa-886a-5eeeaec0054a,b1ef1946-234e-44cf-a7d8-6a2052788c3f,erikjdesilva16,5/17/2023 3:04:04 AM,erikjdesilva16,5/17/2023 3:04:04 AM,4,,north
np,so,,231,4f94cba9-88db-4b41-921d-16807af83a90,b1ef1946-234e-44cf-a7d8-6a2052788c3f,erikjdesilva16,5/17/2023 3:04:16 AM,erikjdesilva16,5/17/2023 3:04:16 AM,4.5,,north
np,hl,,232,c032013b-99d0-46f7-8e68-49942fad8dd1,b1ef1946-234e-44cf-a7d8-6a2052788c3f,erikjdesilva16,5/17/2023 3:04:34 AM,erikjdesilva16,5/17/2023 3:04:34 AM,5,,north
pg,hl,,233,da0a174d-b3d4-4c60-be46-d26cf37456e7,b1ef1946-234e-44cf-a7d8-6a2052788c3f,erikjdesilva16,5/17/2023 3:04:46 AM,erikjdesilva16,5/17/2023 3:04:46 AM,5.5,,north
np,r,,234,6f678ae5-4e0a-41f8-a250-cb17872d2d0c,b1ef1946-234e-44cf-a7d8-6a2052788c3f,erikjdesilva16,5/17/2023 3:04:58 AM,erikjdesilva16,5/17/2023 3:04:58 AM,6,,north
np,hl,,235,dd9b71a5-f1ac-420f-9a63-f133ec4c70ff,b1ef1946-234e-44cf-a7d8-6a2052788c3f,erikjdesilva16,5/17/2023 3:05:12 AM,erikjdesilva16,5/17/2023 3:05:12 AM,6.5,,north
np,hl,,236,56e12152-c918-483b-8a2b-0db41cfe921e,b1ef1946-234e-44cf-a7d8-6a2052788c3f,erikjdesilva16,5/17/2023 3:05:21 AM,erikjdesilva16,5/17/2023 3:05:21 AM,7,,north
np,hl,,237,90e2d8fa-2c22-401a-872c-28547651ed16,b1ef1946-234e-44cf-a7d8-6a2052788c3f,erikjdesilva16,5/17/2023 3:05:34 AM,erikjdesilva16,5/17/2023 3:05:34 AM,7.5,,north
np,so,,238,6ce9fbc1-9076-4c82-9c5a-720fd422edcd,b1ef1946-234e-44cf-a7d8-6a2052788c3f,erikjdesilva16,5/17/2023 3:05:49 AM,erikjdesilva16,5/17/2023 3:05:49 AM,8,,north
np,so,,239,94b75b16-a5e7-4938-a7fc-c102110440f7,b1ef1946-234e-44cf-a7d8-6a2052788c3f,erikjdesilva16,5/17/2023 3:06:03 AM,erikjdesilva16,5/17/2023 3:06:03 AM,8.5,,north
pg,hl,,240,97a8fbf7-c24a-4449-a4f1-4481233724ae,b1ef1946-234e-44cf-a7d8-6a2052788c3f,erikjdesilva16,5/17/2023 3:06:16 AM,erikjdesilva16,5/17/2023 3:06:16 AM,9,,north
np,hl,,241,c3329faf-4e25-41f9-9fa1-e57a51a9b291,b1ef1946-234e-44cf-a7d8-6a2052788c3f,erikjdesilva16,5/17/2023 3:06:30 AM,erikjdesilva16,5/17/2023 3:06:30 AM,9.5,,north
np,hl,,242,45e4bb62-643b-4ca2-9f1b-ceba361241a5,b1ef1946-234e-44cf-a7d8-6a2052788c3f,erikjdesilva16,5/17/2023 3:06:39 AM,erikjdesilva16,5/17/2023 3:06:39 AM,10,,north
np,hl,,243,4ecea4d7-269d-4971-91a0-d9a02652d302,b1ef1946-234e-44cf-a7d8-6a2052788c3f,erikjdesilva16,5/17/2023 3:06:50 AM,erikjdesilva16,5/17/2023 3:06:50 AM,10.5,,north
np,hl,,244,f5f0ce18-3ed2-46a2-9106-7c18c19db892,b1ef1946-234e-44cf-a7d8-6a2052788c3f,erikjdesilva16,5/17/2023 3:07:00 AM,erikjdesilva16,5/17/2023 3:07:00 AM,11,,north
np,hl,,245,87443b2b-2ecb-4d33-b6c4-52c15126345b,b1ef1946-234e-44cf-a7d8-6a2052788c3f,erikjdesilva16,5/17/2023 3:07:12 AM,erikjdesilva16,5/17/2023 3:07:12 AM,11.5,,north
np,hl,,246,ea8ecb6c-396e-4397-af18-c8e42e7db4bd,b1ef1946-234e-44cf-a7d8-6a2052788c3f,erikjdesilva16,5/17/2023 3:07:31 AM,erikjdesilva16,5/17/2023 3:07:31 AM,12,,north
np,hl,,247,a07f93e4-6827-4e24-a704-a3bd8e92d880,b1ef1946-234e-44cf-a7d8-6a2052788c3f,erikjdesilva16,5/17/2023 3:07:48 AM,erikjdesilva16,5/17/2023 3:07:48 AM,12.5,,north
np,hl,,248,9228aca9-4248-4c34-b201-2931f15ab1db,e085727f-1ab8-4b6e-8465-bd460a7d3928,erikjdesilva16,5/18/2023 1:55:50 AM,erikjdesilva16,5/18/2023 1:55:50 AM,0.5,,north
np,hl,,249,2bb3a5d4-b016-4ea7-a3ce-64bdd94ef11b,e085727f-1ab8-4b6e-8465-bd460a7d3928,erikjdesilva16,5/18/2023 1:56:08 AM,erikjdesilva16,5/18/2023 1:56:08 AM,1,,north
pg,hl,,250,aecaa7b5-e06c-45ca-9ed3-8902205f1606,e085727f-1ab8-4b6e-8465-bd460a7d3928,erikjdesilva16,5/18/2023 1:56:32 AM,erikjdesilva16,5/18/2023 1:56:32 AM,1.5,,north
np,so,,251,2c1635a2-a292-47bb-847e-725fe63076a7,e085727f-1ab8-4b6e-8465-bd460a7d3928,erikjdesilva16,5/18/2023 1:57:01 AM,erikjdesilva16,5/18/2023 1:57:01 AM,2,,north
np,hl,,252,a3c50187-c3a4-4de4-a96c-f80de1906c36,e085727f-1ab8-4b6e-8465-bd460a7d3928,erikjdesilva16,5/18/2023 1:57:27 AM,erikjdesilva16,5/18/2023 1:57:27 AM,2.5,,north
np,hl,,253,bdb1d8dc-807d-4dc1-9307-f8a0ae5d7447,e085727f-1ab8-4b6e-8465-bd460a7d3928,erikjdesilva16,5/18/2023 1:57:40 AM,erikjdesilva16,5/18/2023 1:57:40 AM,3,,north
np,hl,,254,0c9cf0a2-909c-42bb-8fe5-2e99e4c24119,e085727f-1ab8-4b6e-8465-bd460a7d3928,erikjdesilva16,5/18/2023 1:57:58 AM,erikjdesilva16,5/18/2023 1:57:58 AM,3.5,,north
pg,hl,,255,1baa0154-a99f-4ae3-a44b-e16372cc3245,e085727f-1ab8-4b6e-8465-bd460a7d3928,erikjdesilva16,5/18/2023 1:58:39 AM,erikjdesilva16,5/18/2023 1:58:39 AM,4,,north
pg,hl,,256,f4a07a8d-104b-4770-897b-d2e719903909,e085727f-1ab8-4b6e-8465-bd460a7d3928,erikjdesilva16,5/18/2023 1:58:55 AM,erikjdesilva16,5/18/2023 1:58:55 AM,4.5,,north
np,hl,,257,4826666b-8c6b-4df9-9ccf-151f8299002e,e085727f-1ab8-4b6e-8465-bd460a7d3928,erikjdesilva16,5/18/2023 1:59:14 AM,erikjdesilva16,5/18/2023 1:59:14 AM,5,,north
np,r,,258,edd65fba-0e3a-4fa3-8a58-15ea5b6ecd9a,e085727f-1ab8-4b6e-8465-bd460a7d3928,erikjdesilva16,5/18/2023 1:59:31 AM,erikjdesilva16,5/18/2023 1:59:31 AM,5.5,,north
np,r,,259,6115e937-cf6b-4c35-8826-103722b61ca1,e085727f-1ab8-4b6e-8465-bd460a7d3928,erikjdesilva16,5/18/2023 1:59:52 AM,erikjdesilva16,5/18/2023 1:59:52 AM,6,,north
np,so,,260,cfc0aa3b-a049-4026-a9f8-85b742ec6e80,e085727f-1ab8-4b6e-8465-bd460a7d3928,erikjdesilva16,5/18/2023 2:00:09 AM,erikjdesilva16,5/18/2023 2:00:09 AM,6.5,,north
np,r,,261,002fc196-5042-4a3f-8aab-f650335cf28f,e085727f-1ab8-4b6e-8465-bd460a7d3928,erikjdesilva16,5/18/2023 2:00:28 AM,erikjdesilva16,5/18/2023 2:00:28 AM,7,,north
np,hl,,262,0b60035a-53b0-4071-b848-a9c7835851a3,e085727f-1ab8-4b6e-8465-bd460a7d3928,erikjdesilva16,5/18/2023 2:00:46 AM,erikjdesilva16,5/18/2023 2:00:46 AM,7.5,,north
np,hl,,263,89437811-591c-4404-a594-7d6209520b0d,e085727f-1ab8-4b6e-8465-bd460a7d3928,erikjdesilva16,5/18/2023 2:01:04 AM,erikjdesilva16,5/18/2023 2:01:04 AM,8,,north
pg,so,,264,c72f4e38-b3e1-443c-a622-ab622d4c48cd,e085727f-1ab8-4b6e-8465-bd460a7d3928,erikjdesilva16,5/18/2023 2:01:30 AM,erikjdesilva16,5/18/2023 2:01:30 AM,8.5,,north
np,hl,,265,2552944e-b3a4-4cb6-b111-8069c7fc3d08,e085727f-1ab8-4b6e-8465-bd460a7d3928,erikjdesilva16,5/18/2023 2:01:49 AM,erikjdesilva16,5/18/2023 2:01:49 AM,9,,north
np,r,,266,0a11595f-2038-42c1-98f4-fc87a3279d3b,e085727f-1ab8-4b6e-8465-bd460a7d3928,erikjdesilva16,5/18/2023 2:02:14 AM,erikjdesilva16,5/18/2023 2:02:14 AM,9.5,,north
np,hl,,267,304ede18-f4b6-4479-aa60-63a75626a660,e085727f-1ab8-4b6e-8465-bd460a7d3928,erikjdesilva16,5/18/2023 2:02:28 AM,erikjdesilva16,5/18/2023 2:02:28 AM,10,,north
np,hl,,268,63b44abe-62f4-430e-8f93-ca2ec83072ca,e085727f-1ab8-4b6e-8465-bd460a7d3928,erikjdesilva16,5/18/2023 2:02:43 AM,erikjdesilva16,5/18/2023 2:02:43 AM,10.5,,north
pg,hl,,269,436657b8-d43f-410b-ac83-05fe6c4c0900,e085727f-1ab8-4b6e-8465-bd460a7d3928,erikjdesilva16,5/18/2023 2:03:11 AM,erikjdesilva16,5/18/2023 2:03:11 AM,11,,north
np,hl,,270,376f198f-f3f9-42f9-bc07-01a935ccf4e1,e085727f-1ab8-4b6e-8465-bd460a7d3928,erikjdesilva16,5/18/2023 2:03:28 AM,erikjdesilva16,5/18/2023 2:03:46 AM,11.5,,north
np,so,,271,7cff0786-778d-45b8-a1ca-60487d9e0f77,e085727f-1ab8-4b6e-8465-bd460a7d3928,erikjdesilva16,5/18/2023 2:04:18 AM,erikjdesilva16,5/18/2023 2:04:18 AM,12,,north
np,hl,,272,7cec8a68-d5d3-4f24-83f1-53f1ab53f591,e085727f-1ab8-4b6e-8465-bd460a7d3928,erikjdesilva16,5/18/2023 2:04:40 AM,erikjdesilva16,5/18/2023 2:04:40 AM,12.5,,north
np,hl,,273,43e71218-4e3e-4e35-8fde-4e22e383de28,e085727f-1ab8-4b6e-8465-bd460a7d3928,erikjdesilva16,5/18/2023 2:05:17 AM,erikjdesilva16,5/18/2023 2:05:17 AM,0.5,,east
np,r,,274,dce9cda0-18f7-401f-9789-b7a5ea8483f7,e085727f-1ab8-4b6e-8465-bd460a7d3928,erikjdesilva16,5/18/2023 2:05:29 AM,erikjdesilva16,5/18/2023 2:05:29 AM,1,,east
np,hl,,275,e827013c-2498-4b37-bd94-d12dc20355fa,e085727f-1ab8-4b6e-8465-bd460a7d3928,erikjdesilva16,5/18/2023 2:05:44 AM,erikjdesilva16,5/18/2023 2:05:44 AM,1.5,,east
np,r,,276,527d6d70-c2b4-4ad7-bdb6-88dd0e268e42,e085727f-1ab8-4b6e-8465-bd460a7d3928,erikjdesilva16,5/18/2023 2:06:01 AM,erikjdesilva16,5/18/2023 2:06:01 AM,2,,east
np,hl,,277,6a6210a3-1375-4f3e-a608-3ec0b0fa798b,e085727f-1ab8-4b6e-8465-bd460a7d3928,erikjdesilva16,5/18/2023 2:06:45 AM,erikjdesilva16,5/18/2023 2:06:45 AM,2.5,,east
pg,hl,,278,b9b14eaf-8876-4ad1-ad88-75b03bc41e79,e085727f-1ab8-4b6e-8465-bd460a7d3928,erikjdesilva16,5/18/2023 2:07:05 AM,erikjdesilva16,5/18/2023 2:07:05 AM,3,,east
np,hl,,279,bcc72a6f-e2ac-452a-9907-0f26f7caf2c7,e085727f-1ab8-4b6e-8465-bd460a7d3928,erikjdesilva16,5/18/2023 2:07:22 AM,erikjdesilva16,5/18/2023 2:07:22 AM,3.5,,east
np,hl,,280,53762933-d3d0-4c60-9c6b-b83f1c0d5d9b,e085727f-1ab8-4b6e-8465-bd460a7d3928,erikjdesilva16,5/18/2023 2:07:42 AM,erikjdesilva16,5/18/2023 2:07:42 AM,4,,east
np,hl,,281,3fa04148-41ee-44e6-8daf-b6aaf652bd43,e085727f-1ab8-4b6e-8465-bd460a7d3928,erikjdesilva16,5/18/2023 2:08:00 AM,erikjdesilva16,5/18/2023 2:08:00 AM,4.5,,east
np,hl,,282,e94cab3e-04f0-4074-90a9-4b843748a173,e085727f-1ab8-4b6e-8465-bd460a7d3928,erikjdesilva16,5/18/2023 2:08:13 AM,erikjdesilva16,5/18/2023 2:08:13 AM,5,,east
np,hl,,283,f218702c-0f59-4e17-b2b6-5fa21f3dd66e,e085727f-1ab8-4b6e-8465-bd460a7d3928,erikjdesilva16,5/18/2023 2:08:31 AM,erikjdesilva16,5/18/2023 2:08:31 AM,5.5,,east
np,wl,,284,dc83a9f1-b738-4cd4-bc3e-359b6886566a,e085727f-1ab8-4b6e-8465-bd460a7d3928,erikjdesilva16,5/18/2023 2:08:48 AM,erikjdesilva16,5/18/2023 2:08:48 AM,6,,east
np,hl,,285,013f8470-f7ab-4ce9-9d4d-d6f7f5bdc6c9,e085727f-1ab8-4b6e-8465-bd460a7d3928,erikjdesilva16,5/18/2023 2:09:28 AM,erikjdesilva16,5/18/2023 2:09:28 AM,6.5,,east
np,r,,286,ed2fad3b-48cf-48cb-aa0c-37097d0a6c12,e085727f-1ab8-4b6e-8465-bd460a7d3928,erikjdesilva16,5/18/2023 2:09:56 AM,erikjdesilva16,5/18/2023 2:09:56 AM,7,,east
np,hl,,287,d9f81860-7c4d-4672-9607-a964874771f4,e085727f-1ab8-4b6e-8465-bd460a7d3928,erikjdesilva16,5/18/2023 2:10:20 AM,erikjdesilva16,5/18/2023 2:10:20 AM,7.5,,east
np,wl,,288,ab70c8e5-84f9-400f-a0ec-1f2f230b48b7,e085727f-1ab8-4b6e-8465-bd460a7d3928,erikjdesilva16,5/18/2023 2:10:36 AM,erikjdesilva16,5/18/2023 2:10:36 AM,8,,east
np,wl,,289,023b6c6b-75aa-4371-bec4-3767652eed04,e085727f-1ab8-4b6e-8465-bd460a7d3928,erikjdesilva16,5/18/2023 2:11:09 AM,erikjdesilva16,5/18/2023 2:11:09 AM,8.5,,east
np,hl,,290,2e18314c-f037-4c82-b503-39e62c36d039,e085727f-1ab8-4b6e-8465-bd460a7d3928,erikjdesilva16,5/18/2023 2:11:29 AM,erikjdesilva16,5/18/2023 2:11:29 AM,9,,east
pg,r,,291,02d7d5d8-16f0-4acb-8ed1-5a0a77beb985,e085727f-1ab8-4b6e-8465-bd460a7d3928,erikjdesilva16,5/18/2023 2:11:45 AM,erikjdesilva16,5/18/2023 2:11:45 AM,9.5,,east
np,r,,292,5c09beaa-85f1-4c32-a108-d5da19b9cd84,e085727f-1ab8-4b6e-8465-bd460a7d3928,erikjdesilva16,5/18/2023 2:11:59 AM,erikjdesilva16,5/18/2023 2:11:59 AM,10,,east
np,r,,293,1354c3c5-234f-43d5-9a26-4eb5eac87852,e085727f-1ab8-4b6e-8465-bd460a7d3928,erikjdesilva16,5/18/2023 2:12:13 AM,erikjdesilva16,5/18/2023 2:12:13 AM,10.5,,east
np,r,,294,b3fe8a32-ffc7-437f-9303-45aae3d6bb8c,e085727f-1ab8-4b6e-8465-bd460a7d3928,erikjdesilva16,5/18/2023 2:12:33 AM,erikjdesilva16,5/18/2023 2:12:33 AM,11,,east
np,r,,295,4972ba49-543d-4a73-8bd0-a052b4aaee71,e085727f-1ab8-4b6e-8465-bd460a7d3928,erikjdesilva16,5/18/2023 2:12:45 AM,erikjdesilva16,5/18/2023 2:12:45 AM,11.5,,east
pg,r,,296,03e81ff5-868f-4a36-a7fc-eb56af1a2229,e085727f-1ab8-4b6e-8465-bd460a7d3928,erikjdesilva16,5/18/2023 2:12:59 AM,erikjdesilva16,5/18/2023 2:12:59 AM,12,,east
np,so,,297,34d13c1b-6957-415d-b892-3647968b2348,e085727f-1ab8-4b6e-8465-bd460a7d3928,erikjdesilva16,5/18/2023 2:13:12 AM,erikjdesilva16,5/18/2023 2:13:12 AM,12.5,,east
pf,m l bc,,298,d8ba1f50-faa6-400c-98fe-908fc443e309,e9c4b201-1474-452f-9476-66a260ada0bb,erikjdesilva16,6/5/2023 5:25:07 PM,erikjdesilva16,6/5/2023 5:25:07 PM,0.5,,north
pg,wl,,299,5904614a-af18-40d7-b255-989027c34a95,e9c4b201-1474-452f-9476-66a260ada0bb,erikjdesilva16,6/5/2023 5:25:28 PM,erikjdesilva16,6/5/2023 5:25:28 PM,1,,north
np,hl,,300,d2081393-c4f4-4892-a271-47883b671df4,e9c4b201-1474-452f-9476-66a260ada0bb,erikjdesilva16,6/5/2023 5:25:52 PM,erikjdesilva16,6/5/2023 5:25:52 PM,1.5,,north
np,hl,,301,891efc47-07b7-4a3e-8d91-719cf2dea8dc,e9c4b201-1474-452f-9476-66a260ada0bb,erikjdesilva16,6/5/2023 5:26:14 PM,erikjdesilva16,6/5/2023 5:26:14 PM,2,,north
pf,hl,,302,c7ef32ad-fd1f-4d7a-a6fa-1c8bc034b97e,e9c4b201-1474-452f-9476-66a260ada0bb,erikjdesilva16,6/5/2023 5:26:36 PM,erikjdesilva16,6/5/2023 5:26:36 PM,2.5,,north
np,hl,,303,a095379a-f48c-46b0-945f-d36d2ee413df,e9c4b201-1474-452f-9476-66a260ada0bb,erikjdesilva16,6/5/2023 5:26:52 PM,erikjdesilva16,6/5/2023 5:26:52 PM,3,,north
np,hl,,304,f08f9e48-f044-4c5f-b201-de5753efa02d,e9c4b201-1474-452f-9476-66a260ada0bb,erikjdesilva16,6/5/2023 5:27:07 PM,erikjdesilva16,6/5/2023 5:27:07 PM,3.5,,north
t,hl,,305,f0382571-5b73-4e83-9cfb-481fe36b650d,e9c4b201-1474-452f-9476-66a260ada0bb,erikjdesilva16,6/5/2023 5:27:20 PM,erikjdesilva16,6/5/2023 5:27:20 PM,4,,north
np,wl,,306,193305ea-fa41-411d-9b98-46caee80351a,e9c4b201-1474-452f-9476-66a260ada0bb,erikjdesilva16,6/5/2023 5:27:45 PM,erikjdesilva16,6/5/2023 5:27:45 PM,4.5,,north
np,hl,,307,169fcec4-ec71-4c97-9f8e-40735bdde2b9,e9c4b201-1474-452f-9476-66a260ada0bb,erikjdesilva16,6/5/2023 5:27:59 PM,erikjdesilva16,6/5/2023 5:27:59 PM,5,,north
np,hl,,308,bff3e29e-05ec-4c5f-a10e-0aae9777403b,e9c4b201-1474-452f-9476-66a260ada0bb,erikjdesilva16,6/5/2023 5:28:11 PM,erikjdesilva16,6/5/2023 5:28:11 PM,5.5,,north
np,wl,,309,49218024-cc8b-4ecc-95a3-314d24722355,e9c4b201-1474-452f-9476-66a260ada0bb,erikjdesilva16,6/5/2023 5:28:31 PM,erikjdesilva16,6/5/2023 5:28:31 PM,6,,north
t,hl,,310,a7f04c46-4be0-4c7b-9520-004ee463d114,e9c4b201-1474-452f-9476-66a260ada0bb,erikjdesilva16,6/5/2023 5:28:45 PM,erikjdesilva16,6/5/2023 5:28:45 PM,6.5,,north
t,hl,,311,97353fef-8eee-43d1-a99b-b2a6d3a0fd03,e9c4b201-1474-452f-9476-66a260ada0bb,erikjdesilva16,6/5/2023 5:29:13 PM,erikjdesilva16,6/5/2023 5:29:13 PM,7,,north
t,hl,,312,448814e0-5884-4081-9cb9-8c2b9298c002,e9c4b201-1474-452f-9476-66a260ada0bb,erikjdesilva16,6/5/2023 5:29:26 PM,erikjdesilva16,6/5/2023 5:29:26 PM,7.5,,north
t,hl,,313,c75e32eb-b9e8-4114-9f78-ad4c4f33b4fd,e9c4b201-1474-452f-9476-66a260ada0bb,erikjdesilva16,6/5/2023 5:29:38 PM,erikjdesilva16,6/5/2023 5:29:38 PM,8,,north
t,hl,,314,229b47fc-5aea-49a8-8cf2-844785665248,e9c4b201-1474-452f-9476-66a260ada0bb,erikjdesilva16,6/5/2023 5:29:50 PM,erikjdesilva16,6/5/2023 5:29:50 PM,8.5,,north
t,hl,,315,a07c5a36-4075-4d85-a9f1-4eff407e19af,e9c4b201-1474-452f-9476-66a260ada0bb,erikjdesilva16,6/5/2023 5:30:03 PM,erikjdesilva16,6/5/2023 5:30:03 PM,9,,north
np,hl,,316,b5bebc34-7426-4628-95bf-15d55739707a,e9c4b201-1474-452f-9476-66a260ada0bb,erikjdesilva16,6/5/2023 5:30:16 PM,erikjdesilva16,6/5/2023 5:30:16 PM,9.5,,north
pf,hl,,317,175bf339-6d08-4c4a-85c1-ca192d451e44,e9c4b201-1474-452f-9476-66a260ada0bb,erikjdesilva16,6/5/2023 5:30:31 PM,erikjdesilva16,6/5/2023 5:30:31 PM,10,,north
np,hl,,318,4a214332-e609-4832-ac52-3cee8caa08fa,e9c4b201-1474-452f-9476-66a260ada0bb,erikjdesilva16,6/5/2023 5:30:42 PM,erikjdesilva16,6/5/2023 5:30:42 PM,10.5,,north
t,hl,,319,2ba5822f-0817-4aa6-a320-5cc1834577b1,e9c4b201-1474-452f-9476-66a260ada0bb,erikjdesilva16,6/5/2023 5:30:52 PM,erikjdesilva16,6/5/2023 5:30:52 PM,11,,north
np,hl,,320,233cd75d-d250-49ae-bf83-7abb450670d4,e9c4b201-1474-452f-9476-66a260ada0bb,erikjdesilva16,6/5/2023 5:31:04 PM,erikjdesilva16,6/5/2023 5:31:04 PM,11.5,,north
np,hl,,321,d0f0e620-49cf-496b-940f-a34552b8e1e7,e9c4b201-1474-452f-9476-66a260ada0bb,erikjdesilva16,6/5/2023 5:31:16 PM,erikjdesilva16,6/5/2023 5:31:16 PM,12,,north
np,hl,,322,0e9d5af3-a39c-4542-a5ed-8881a35dd991,e9c4b201-1474-452f-9476-66a260ada0bb,erikjdesilva16,6/5/2023 5:31:27 PM,erikjdesilva16,6/5/2023 5:31:27 PM,12.5,,north
ag,t,,323,e89a0817-68f0-42fa-8e0d-713b527f62a2,e9c4b201-1474-452f-9476-66a260ada0bb,erikjdesilva16,6/5/2023 5:31:50 PM,erikjdesilva16,6/5/2023 5:31:50 PM,0.5,,east
np,hl,,324,0fab5e04-0a4f-4673-a52c-f6dfa0f205e1,e9c4b201-1474-452f-9476-66a260ada0bb,erikjdesilva16,6/5/2023 5:32:53 PM,erikjdesilva16,6/5/2023 5:32:53 PM,1,,east
np,hl,,325,a54fc40e-935e-4795-a6e3-9a02f935c40d,e9c4b201-1474-452f-9476-66a260ada0bb,erikjdesilva16,6/5/2023 5:33:08 PM,erikjdesilva16,6/5/2023 5:33:08 PM,1.5,,east
np,hl,,326,f3f970a5-2cd1-4e20-897e-95be8bcbe4d0,e9c4b201-1474-452f-9476-66a260ada0bb,erikjdesilva16,6/5/2023 5:33:23 PM,erikjdesilva16,6/5/2023 5:33:23 PM,2,,east
np,hl,,327,020aea5b-cee8-43af-a507-b52649e8ba0c,e9c4b201-1474-452f-9476-66a260ada0bb,erikjdesilva16,6/5/2023 5:33:34 PM,erikjdesilva16,6/5/2023 5:33:34 PM,2.5,,east
np,hl,,328,1364f0ae-598d-4a71-89dd-51520db90d4b,e9c4b201-1474-452f-9476-66a260ada0bb,erikjdesilva16,6/5/2023 5:33:44 PM,erikjdesilva16,6/5/2023 5:33:44 PM,3,,east
np,hl,,329,34f0a561-a372-4013-9223-71e95e13d925,e9c4b201-1474-452f-9476-66a260ada0bb,erikjdesilva16,6/5/2023 5:33:54 PM,erikjdesilva16,6/5/2023 5:33:54 PM,3.5,,east
np,hl,,330,828f3cfd-71c1-4f36-b9d4-1410375c8153,e9c4b201-1474-452f-9476-66a260ada0bb,erikjdesilva16,6/5/2023 5:34:03 PM,erikjdesilva16,6/5/2023 5:34:03 PM,4,,east
np,wl,,331,a8fbab5f-faa5-4f1f-873c-bf5e04818398,e9c4b201-1474-452f-9476-66a260ada0bb,erikjdesilva16,6/5/2023 5:34:14 PM,erikjdesilva16,6/5/2023 5:34:14 PM,4.5,,east
np,hl,,332,8886ad15-1719-4b13-b425-7321428a5357,e9c4b201-1474-452f-9476-66a260ada0bb,erikjdesilva16,6/5/2023 5:34:26 PM,erikjdesilva16,6/5/2023 5:34:26 PM,5,,east
np,hl,,333,fe559bcc-ae45-4310-957a-90f035d0b220,e9c4b201-1474-452f-9476-66a260ada0bb,erikjdesilva16,6/5/2023 5:34:37 PM,erikjdesilva16,6/5/2023 5:34:37 PM,5.5,,east
np,hl,,334,ba4b719f-ebb3-45bf-baed-21ddd6a96924,e9c4b201-1474-452f-9476-66a260ada0bb,erikjdesilva16,6/5/2023 5:34:46 PM,erikjdesilva16,6/5/2023 5:34:46 PM,6,,east
np,r,,335,0debb5b0-5c7a-4f87-856b-3c6879ecaed9,e9c4b201-1474-452f-9476-66a260ada0bb,erikjdesilva16,6/5/2023 5:34:57 PM,erikjdesilva16,6/5/2023 5:34:57 PM,6.5,,east
np,m l bc,,336,dc61d763-b710-4320-8f18-33b3d0d7297f,e9c4b201-1474-452f-9476-66a260ada0bb,erikjdesilva16,6/5/2023 5:35:19 PM,erikjdesilva16,6/5/2023 5:35:19 PM,7,,east
np,hl,,337,3892eb22-389e-44b6-866e-d7765b0f4a93,e9c4b201-1474-452f-9476-66a260ada0bb,erikjdesilva16,6/5/2023 5:35:30 PM,erikjdesilva16,6/5/2023 5:35:30 PM,7.5,,east
ag,hl,,338,bb859349-2c24-4ab3-8f2f-c1725a558c76,e9c4b201-1474-452f-9476-66a260ada0bb,erikjdesilva16,6/5/2023 5:35:42 PM,erikjdesilva16,6/5/2023 5:35:42 PM,8,,east
np,m l bc,,339,9111b91f-0324-4999-b994-3f0117026d0e,e9c4b201-1474-452f-9476-66a260ada0bb,erikjdesilva16,6/5/2023 5:35:53 PM,erikjdesilva16,6/5/2023 5:35:53 PM,8.5,,east
np,hl,,340,3792cc84-d346-4d64-84ed-222684e9dc8f,e9c4b201-1474-452f-9476-66a260ada0bb,erikjdesilva16,6/5/2023 5:36:04 PM,erikjdesilva16,6/5/2023 5:36:04 PM,9,,east
np,hl,,341,0d4f87f1-b7f6-42b1-b435-f646a07ba539,e9c4b201-1474-452f-9476-66a260ada0bb,erikjdesilva16,6/5/2023 5:36:14 PM,erikjdesilva16,6/5/2023 5:36:14 PM,9.5,,east
np,hl,,342,b8d77b32-2808-4557-8b8e-654e0b6da27b,e9c4b201-1474-452f-9476-66a260ada0bb,erikjdesilva16,6/5/2023 5:36:24 PM,erikjdesilva16,6/5/2023 5:36:24 PM,10,,east
np,wl,,343,ec45069b-5d7d-4f36-9207-99f114a456a3,e9c4b201-1474-452f-9476-66a260ada0bb,erikjdesilva16,6/5/2023 5:36:38 PM,erikjdesilva16,6/5/2023 5:36:38 PM,10.5,,east
np,wl,,344,73acec36-9086-440a-b783-a24de51e1973,e9c4b201-1474-452f-9476-66a260ada0bb,erikjdesilva16,6/5/2023 5:36:47 PM,erikjdesilva16,6/5/2023 5:36:47 PM,11,,east
np,hl,,345,408659b1-e9bd-47c6-9dfb-3e56f91539b4,e9c4b201-1474-452f-9476-66a260ada0bb,erikjdesilva16,6/5/2023 5:36:59 PM,erikjdesilva16,6/5/2023 5:36:59 PM,11.5,,east
np,hl,,346,d99e7675-5fd9-48f7-a2bc-ed20e164871c,e9c4b201-1474-452f-9476-66a260ada0bb,erikjdesilva16,6/5/2023 5:37:12 PM,erikjdesilva16,6/5/2023 5:37:12 PM,12,,east
np,hl,,347,edad2e92-5516-4cb2-abc5-8176c770f3f0,e9c4b201-1474-452f-9476-66a260ada0bb,erikjdesilva16,6/5/2023 5:37:23 PM,erikjdesilva16,6/5/2023 5:37:23 PM,12.5,,east
pg,hl,,348,bb04c1f6-e019-4f92-8c47-22696f705708,b05e5037-ad10-4363-beb0-18bbe1c71009,erikjdesilva16,6/5/2023 6:36:18 PM,erikjdesilva16,6/5/2023 6:36:18 PM,0.5,,north
pg,hl,,349,5c0f94cf-559b-47ad-8074-f066aec9490f,b05e5037-ad10-4363-beb0-18bbe1c71009,erikjdesilva16,6/5/2023 6:36:35 PM,erikjdesilva16,6/5/2023 6:36:35 PM,1,,north
pg,hl,,350,11248435-4a6b-424c-8166-7b90c8dd967d,b05e5037-ad10-4363-beb0-18bbe1c71009,erikjdesilva16,6/5/2023 6:36:48 PM,erikjdesilva16,6/5/2023 6:36:48 PM,1.5,,north
pg,hl,,351,579ffec5-a615-4900-9676-4301e05f16b5,b05e5037-ad10-4363-beb0-18bbe1c71009,erikjdesilva16,6/5/2023 6:36:58 PM,erikjdesilva16,6/5/2023 6:36:58 PM,2,,north
pg,hl,,352,65bcc34f-a84a-459f-a4cb-f8f7453d4b9d,b05e5037-ad10-4363-beb0-18bbe1c71009,erikjdesilva16,6/5/2023 6:37:08 PM,erikjdesilva16,6/5/2023 6:37:08 PM,2.5,,north
np,hl,,353,4f2d8b38-f487-491a-b592-b2be6776938c,b05e5037-ad10-4363-beb0-18bbe1c71009,erikjdesilva16,6/5/2023 6:37:19 PM,erikjdesilva16,6/5/2023 6:37:19 PM,3,,north
pg,hl,,354,461d9c6b-1ebb-49b3-9055-0da47cabc211,b05e5037-ad10-4363-beb0-18bbe1c71009,erikjdesilva16,6/5/2023 6:37:30 PM,erikjdesilva16,6/5/2023 6:37:30 PM,3.5,,north
np,wl,,355,e88d70ca-6d95-4d01-b2ca-8d7a28bc6d11,b05e5037-ad10-4363-beb0-18bbe1c71009,erikjdesilva16,6/5/2023 6:37:40 PM,erikjdesilva16,6/5/2023 6:37:40 PM,4,,north
pg,hl,,356,a6947eaf-4572-47c1-adfe-07cc1ad5fb0f,b05e5037-ad10-4363-beb0-18bbe1c71009,erikjdesilva16,6/5/2023 6:38:01 PM,erikjdesilva16,6/5/2023 6:38:01 PM,4.5,,north
pg,hl,,357,31a8f170-f745-410b-a51c-c8bba6ada8fe,b05e5037-ad10-4363-beb0-18bbe1c71009,erikjdesilva16,6/5/2023 6:38:55 PM,erikjdesilva16,6/5/2023 6:38:55 PM,5,,north
np,wl,,358,ac1c82b1-f490-48a2-ba2a-4d68a35ed3ec,b05e5037-ad10-4363-beb0-18bbe1c71009,erikjdesilva16,6/5/2023 6:39:12 PM,erikjdesilva16,6/5/2023 6:39:12 PM,5.5,,north
np,wl,,359,8b082de8-a8de-4ee0-9574-dbbd61022fcc,b05e5037-ad10-4363-beb0-18bbe1c71009,erikjdesilva16,6/5/2023 6:39:41 PM,erikjdesilva16,6/5/2023 6:39:41 PM,6,,north
af,wl,,360,3d5b009c-78eb-4ff8-85be-2c8095780300,b05e5037-ad10-4363-beb0-18bbe1c71009,erikjdesilva16,6/5/2023 6:39:59 PM,erikjdesilva16,6/5/2023 6:39:59 PM,6.5,,north
np,wl,,361,546f325d-fd7f-4c58-b435-c05086a22291,b05e5037-ad10-4363-beb0-18bbe1c71009,erikjdesilva16,6/5/2023 6:40:23 PM,erikjdesilva16,6/5/2023 6:40:23 PM,7,,north
pg,hl,,362,d7d9908b-417e-4487-b197-ff542e6e9c7e,b05e5037-ad10-4363-beb0-18bbe1c71009,erikjdesilva16,6/5/2023 6:40:40 PM,erikjdesilva16,6/5/2023 6:40:40 PM,7.5,,north
np,hl,,363,1b43864a-f8e9-4bb9-96ad-4e71228f6ab9,b05e5037-ad10-4363-beb0-18bbe1c71009,erikjdesilva16,6/5/2023 6:40:55 PM,erikjdesilva16,6/5/2023 6:40:55 PM,8,,north
np,hl,,364,070992c7-6622-4c81-a1d1-5fc2e5d081f1,b05e5037-ad10-4363-beb0-18bbe1c71009,erikjdesilva16,6/5/2023 6:41:08 PM,erikjdesilva16,6/5/2023 6:41:08 PM,8.5,,north
pg,hl,,365,b1d2a89e-8103-4946-a73d-03c7af728286,b05e5037-ad10-4363-beb0-18bbe1c71009,erikjdesilva16,6/5/2023 6:42:00 PM,erikjdesilva16,6/5/2023 6:42:00 PM,9,,north
pf,hl,,366,9029b9f4-ce8f-4542-85ad-860e92f65bca,b05e5037-ad10-4363-beb0-18bbe1c71009,erikjdesilva16,6/5/2023 6:42:15 PM,erikjdesilva16,6/5/2023 6:42:15 PM,9.5,,north
np,r,,367,ed5eb540-97bb-4a50-a685-6e17d2233bf2,b05e5037-ad10-4363-beb0-18bbe1c71009,erikjdesilva16,6/5/2023 6:42:29 PM,erikjdesilva16,6/5/2023 6:42:29 PM,10,,north
pg,r,,368,a2a39f03-ae4a-4b47-8a58-6565505bfc82,b05e5037-ad10-4363-beb0-18bbe1c71009,erikjdesilva16,6/5/2023 6:42:43 PM,erikjdesilva16,6/5/2023 6:42:43 PM,10.5,,north
pg,hl,,369,a0f863ea-6114-470f-a9b1-b7f4d12df6af,b05e5037-ad10-4363-beb0-18bbe1c71009,erikjdesilva16,6/5/2023 6:42:55 PM,erikjdesilva16,6/5/2023 6:42:55 PM,11,,north
pg,hl,,370,d0e36c5d-7fe4-4dd6-9a58-c1e9591c58ed,b05e5037-ad10-4363-beb0-18bbe1c71009,erikjdesilva16,6/5/2023 6:43:05 PM,erikjdesilva16,6/5/2023 6:43:05 PM,11.5,,north
np,hl,,371,77e7595e-bb57-478c-9e17-5a1a52662d74,b05e5037-ad10-4363-beb0-18bbe1c71009,erikjdesilva16,6/5/2023 6:43:18 PM,erikjdesilva16,6/5/2023 6:43:18 PM,12,,north
np,hl,,372,705eef0b-7cb0-4770-a98b-ad74c909faea,b05e5037-ad10-4363-beb0-18bbe1c71009,erikjdesilva16,6/5/2023 6:43:29 PM,erikjdesilva16,6/5/2023 6:43:29 PM,12.5,,north
np,br,,373,3e2052fa-ba06-4616-97e3-f27204dd6ce6,b05e5037-ad10-4363-beb0-18bbe1c71009,erikjdesilva16,6/5/2023 6:43:48 PM,erikjdesilva16,6/5/2023 6:43:48 PM,0.5,,east
np,br,,374,0b2b8cdb-cb8c-4ea9-9a73-c89b3fcbfd1b,b05e5037-ad10-4363-beb0-18bbe1c71009,erikjdesilva16,6/5/2023 6:45:31 PM,erikjdesilva16,6/5/2023 6:45:31 PM,1,,east
pg,hl,,375,fd25954b-b8d9-47a4-8621-599f3e259652,b05e5037-ad10-4363-beb0-18bbe1c71009,erikjdesilva16,6/5/2023 6:45:47 PM,erikjdesilva16,6/5/2023 6:45:47 PM,1.5,,east
pg,hl,,376,df455f44-8d3c-4ef1-bbf3-d3b974cd0019,b05e5037-ad10-4363-beb0-18bbe1c71009,erikjdesilva16,6/5/2023 6:45:59 PM,erikjdesilva16,6/5/2023 6:45:59 PM,2,,east
pg,hl,,377,f00b5a7b-27d4-489d-8f2e-279b91e7cd66,b05e5037-ad10-4363-beb0-18bbe1c71009,erikjdesilva16,6/5/2023 6:46:14 PM,erikjdesilva16,6/5/2023 6:46:14 PM,2.5,,east
pg,hl,,378,443726fc-7329-42d8-a85a-e9fe4ab6aa99,b05e5037-ad10-4363-beb0-18bbe1c71009,erikjdesilva16,6/5/2023 6:46:25 PM,erikjdesilva16,6/5/2023 6:46:25 PM,3,,east
pg,pg,,379,e3ee78e6-2d68-4d86-9c9a-17abd7124347,b05e5037-ad10-4363-beb0-18bbe1c71009,erikjdesilva16,6/5/2023 6:46:41 PM,erikjdesilva16,6/5/2023 6:46:41 PM,3.5,,east
pg,r,,380,75cf5470-de20-49dc-99fe-1db02a0bb611,b05e5037-ad10-4363-beb0-18bbe1c71009,erikjdesilva16,6/5/2023 6:46:55 PM,erikjdesilva16,6/5/2023 6:46:55 PM,4,,east
np,so,,381,d3fd6dec-16ad-4bc2-bb0f-12f71abe38aa,b05e5037-ad10-4363-beb0-18bbe1c71009,erikjdesilva16,6/5/2023 6:47:11 PM,erikjdesilva16,6/5/2023 6:47:11 PM,4.5,,east
pg,hl,,382,56fd014c-30ed-4eca-b7c7-fd2aee0ab014,b05e5037-ad10-4363-beb0-18bbe1c71009,erikjdesilva16,6/5/2023 6:47:30 PM,erikjdesilva16,6/5/2023 6:47:30 PM,5,,east
np,hl,,383,19d0b294-4e6a-4f85-8cb1-65ee895b4140,b05e5037-ad10-4363-beb0-18bbe1c71009,erikjdesilva16,6/5/2023 6:47:50 PM,erikjdesilva16,6/5/2023 6:47:50 PM,5.5,,east
pg,hl,,384,4d40a631-30cb-4e22-a24a-2b780c80dfbf,b05e5037-ad10-4363-beb0-18bbe1c71009,erikjdesilva16,6/5/2023 6:48:08 PM,erikjdesilva16,6/5/2023 6:48:08 PM,6,,east
pg,pg,,385,d2b42146-deb0-4a7a-8b12-4e4860ccb351,b05e5037-ad10-4363-beb0-18bbe1c71009,erikjdesilva16,6/5/2023 6:48:21 PM,erikjdesilva16,6/5/2023 6:48:21 PM,6.5,,east
pg,so,,386,bb0b96cf-519c-42b7-b088-12dedde747cd,b05e5037-ad10-4363-beb0-18bbe1c71009,erikjdesilva16,6/5/2023 6:48:35 PM,erikjdesilva16,6/5/2023 6:48:35 PM,7,,east
np,so,,387,9d80d915-6a1e-4cb9-a77d-6fe43f69a343,b05e5037-ad10-4363-beb0-18bbe1c71009,erikjdesilva16,6/5/2023 6:48:49 PM,erikjdesilva16,6/5/2023 6:48:49 PM,7.5,,east
np,br,,388,c21fb6b8-1dbe-4069-9bff-06d8e7d4728a,b05e5037-ad10-4363-beb0-18bbe1c71009,erikjdesilva16,6/5/2023 6:49:05 PM,erikjdesilva16,6/5/2023 6:49:05 PM,8,,east
np,br,,389,435c72a4-84c9-47f2-be2d-9c9a91b83162,b05e5037-ad10-4363-beb0-18bbe1c71009,erikjdesilva16,6/5/2023 6:49:19 PM,erikjdesilva16,6/5/2023 6:49:19 PM,8.5,,east
np,br,,390,83151c4c-de39-4499-94c3-b5fe9be41aea,b05e5037-ad10-4363-beb0-18bbe1c71009,erikjdesilva16,6/5/2023 6:49:35 PM,erikjdesilva16,6/5/2023 6:49:35 PM,9,,east
np,br,,391,f9245499-f3a0-457b-8529-4630e3aa0a7e,b05e5037-ad10-4363-beb0-18bbe1c71009,erikjdesilva16,6/5/2023 6:49:47 PM,erikjdesilva16,6/5/2023 6:49:47 PM,9.5,,east
np,hl,,392,9b9ce23b-70bd-4d4d-852d-8b0500de9b52,b05e5037-ad10-4363-beb0-18bbe1c71009,erikjdesilva16,6/5/2023 6:50:05 PM,erikjdesilva16,6/5/2023 6:50:05 PM,10,,east
pg,hl,,393,988eb706-f35e-45d2-a843-806e9ebc1f1d,b05e5037-ad10-4363-beb0-18bbe1c71009,erikjdesilva16,6/5/2023 6:50:17 PM,erikjdesilva16,6/5/2023 6:50:17 PM,10.5,,east
pg,hl,,394,3fea18c5-c0b2-45cb-a1c0-31b5f4522b8f,b05e5037-ad10-4363-beb0-18bbe1c71009,erikjdesilva16,6/5/2023 6:50:28 PM,erikjdesilva16,6/5/2023 6:50:28 PM,11,,east
np,hl,,395,be4e7364-6f35-41c2-bccc-c64fedb50476,b05e5037-ad10-4363-beb0-18bbe1c71009,erikjdesilva16,6/5/2023 6:50:42 PM,erikjdesilva16,6/5/2023 6:50:42 PM,11.5,,east
pg,hl,,396,06f60a4f-77aa-4608-a7ac-b8b1e4887790,b05e5037-ad10-4363-beb0-18bbe1c71009,erikjdesilva16,6/5/2023 6:50:59 PM,erikjdesilva16,6/5/2023 6:50:59 PM,12,,east
np,hl,,397,46a1a250-e106-4afc-af26-cadf42dc5155,b05e5037-ad10-4363-beb0-18bbe1c71009,erikjdesilva16,6/5/2023 6:51:12 PM,erikjdesilva16,6/5/2023 6:51:12 PM,12.5,,east
np,hl,,398,a28a5e56-dec1-4ed7-a1cd-61c033521e2f,cca36621-fed1-498b-94b9-e23d14e3c23f,erikjdesilva16,6/5/2023 7:15:58 PM,erikjdesilva16,6/5/2023 7:15:58 PM,0.5,,north
pg,hl,,399,3232b786-4dec-4d8e-9a2f-c2b0ab92b19d,cca36621-fed1-498b-94b9-e23d14e3c23f,erikjdesilva16,6/5/2023 7:16:42 PM,erikjdesilva16,6/5/2023 7:16:42 PM,1,,north
np,hl,,400,d1e5434c-4e33-44d0-ba8b-a13befca1b81,cca36621-fed1-498b-94b9-e23d14e3c23f,erikjdesilva16,6/5/2023 7:17:13 PM,erikjdesilva16,6/5/2023 7:17:13 PM,1.5,,north
np,hl,,401,f5f2c4c2-6c2d-47b8-9d7b-f3804f6d024d,cca36621-fed1-498b-94b9-e23d14e3c23f,erikjdesilva16,6/5/2023 7:17:34 PM,erikjdesilva16,6/5/2023 7:17:34 PM,2,,north
pg,hl,,402,710c69e3-c6be-4e6b-be9d-cedaaf3ded97,cca36621-fed1-498b-94b9-e23d14e3c23f,erikjdesilva16,6/5/2023 7:17:47 PM,erikjdesilva16,6/5/2023 7:17:47 PM,2.5,,north
pg,hl,,403,daad8a80-b2fc-4e99-a9a5-a9166c3c04c6,cca36621-fed1-498b-94b9-e23d14e3c23f,erikjdesilva16,6/5/2023 7:18:04 PM,erikjdesilva16,6/5/2023 7:18:04 PM,3,,north
pf,hl,,404,2e08d717-ef9e-490d-96b5-3c0221a2ea40,cca36621-fed1-498b-94b9-e23d14e3c23f,erikjdesilva16,6/5/2023 7:18:22 PM,erikjdesilva16,6/5/2023 7:18:22 PM,3.5,,north
np,hl,,405,cec3e6e5-4160-4797-9139-c0af34d4a577,cca36621-fed1-498b-94b9-e23d14e3c23f,erikjdesilva16,6/5/2023 7:18:37 PM,erikjdesilva16,6/5/2023 7:18:37 PM,4,,north
pg,hl,,406,f9e1ddae-b65f-4a47-a1fe-a4a5ee33889b,cca36621-fed1-498b-94b9-e23d14e3c23f,erikjdesilva16,6/5/2023 7:20:15 PM,erikjdesilva16,6/5/2023 7:20:15 PM,4.5,,north
pg,so,,407,1d0b887b-1c25-40c8-b25a-e5d8d70ff544,cca36621-fed1-498b-94b9-e23d14e3c23f,erikjdesilva16,6/5/2023 7:20:29 PM,erikjdesilva16,6/5/2023 7:20:29 PM,5,,north
np,hl,,408,b6a15550-74ee-4798-bf95-5427853faf3e,cca36621-fed1-498b-94b9-e23d14e3c23f,erikjdesilva16,6/5/2023 7:20:50 PM,erikjdesilva16,6/5/2023 7:20:50 PM,5.5,,north
np,hl,,409,3564203b-058a-4716-9879-491e18d3f88b,cca36621-fed1-498b-94b9-e23d14e3c23f,erikjdesilva16,6/5/2023 7:21:07 PM,erikjdesilva16,6/5/2023 7:21:07 PM,6,,north
np,hl,,410,46828851-1754-4e11-922e-3d0e39822c3c,cca36621-fed1-498b-94b9-e23d14e3c23f,erikjdesilva16,6/5/2023 7:21:23 PM,erikjdesilva16,6/5/2023 7:21:23 PM,6.5,,north
np,so,,411,6ae52d49-f460-4761-9cc7-b864871fa0da,cca36621-fed1-498b-94b9-e23d14e3c23f,erikjdesilva16,6/5/2023 7:21:36 PM,erikjdesilva16,6/5/2023 7:21:36 PM,7,,north
pg,hl,,412,6eea618c-f416-4cff-804f-76f29696e9fd,cca36621-fed1-498b-94b9-e23d14e3c23f,erikjdesilva16,6/5/2023 7:21:49 PM,erikjdesilva16,6/5/2023 7:21:49 PM,7.5,,north
pg,so,,413,f2de1d99-26d8-4d23-bfd0-ffed53ee5a1e,cca36621-fed1-498b-94b9-e23d14e3c23f,erikjdesilva16,6/5/2023 7:22:01 PM,erikjdesilva16,6/5/2023 7:22:01 PM,8,,north
pg,so,,414,ce0fc5e1-20bb-4449-b3d4-48fd5f6ef364,cca36621-fed1-498b-94b9-e23d14e3c23f,erikjdesilva16,6/5/2023 7:22:13 PM,erikjdesilva16,6/5/2023 7:22:13 PM,8.5,,north
np,hl,,415,b975c1e0-f41d-4fb6-b73f-27f51ea226d5,cca36621-fed1-498b-94b9-e23d14e3c23f,erikjdesilva16,6/5/2023 7:22:28 PM,erikjdesilva16,6/5/2023 7:22:28 PM,9,,north
pg,hl,,416,be663e3c-5619-4b80-8c6e-077b207a090c,cca36621-fed1-498b-94b9-e23d14e3c23f,erikjdesilva16,6/5/2023 7:22:39 PM,erikjdesilva16,6/5/2023 7:22:39 PM,9.5,,north
pg,hl,,417,8f406cbe-f935-433f-8ecf-694ce1498eb3,cca36621-fed1-498b-94b9-e23d14e3c23f,erikjdesilva16,6/5/2023 7:22:55 PM,erikjdesilva16,6/5/2023 7:22:55 PM,10,,north
np,so,,418,56578969-58e6-4fd6-a9e0-cbea6e2b5177,cca36621-fed1-498b-94b9-e23d14e3c23f,erikjdesilva16,6/5/2023 7:24:20 PM,erikjdesilva16,6/5/2023 7:24:20 PM,10.5,,north
pg,hl,,419,7c0cb63e-f112-4c80-86b0-3eade20fe296,cca36621-fed1-498b-94b9-e23d14e3c23f,erikjdesilva16,6/5/2023 7:25:20 PM,erikjdesilva16,6/5/2023 7:25:20 PM,11,,north
np,so,,420,12d946c8-9460-499e-bd7f-2d76ea34e601,cca36621-fed1-498b-94b9-e23d14e3c23f,erikjdesilva16,6/5/2023 7:25:41 PM,erikjdesilva16,6/5/2023 7:25:41 PM,11.5,,north
pg,so,,421,292a3f72-82c5-4a17-929c-a2c32c805d49,cca36621-fed1-498b-94b9-e23d14e3c23f,erikjdesilva16,6/5/2023 7:26:14 PM,erikjdesilva16,6/5/2023 7:26:14 PM,12,,north
np,hl,,422,39859522-f2a4-4d63-b6e5-898c83945fe5,cca36621-fed1-498b-94b9-e23d14e3c23f,erikjdesilva16,6/5/2023 7:26:37 PM,erikjdesilva16,6/5/2023 7:26:37 PM,12.5,,north
pf,so,,423,0c178075-1d51-4483-8787-6d75e27c9812,cca36621-fed1-498b-94b9-e23d14e3c23f,erikjdesilva16,6/5/2023 7:28:39 PM,erikjdesilva16,6/5/2023 7:28:39 PM,0.5,,east
pg,hl,,424,31a343fa-9d4d-4e5d-a98c-24dcb9ca1995,cca36621-fed1-498b-94b9-e23d14e3c23f,erikjdesilva16,6/5/2023 7:30:28 PM,erikjdesilva16,6/5/2023 7:30:28 PM,1,,east
np,hl,,425,31e421c6-3d1b-48a9-ba0a-2de6f32350cf,cca36621-fed1-498b-94b9-e23d14e3c23f,erikjdesilva16,6/5/2023 7:30:44 PM,erikjdesilva16,6/5/2023 7:30:44 PM,1.5,,east
np,hl,,426,86acdb98-914e-48c8-bc36-49119fb88b30,cca36621-fed1-498b-94b9-e23d14e3c23f,erikjdesilva16,6/5/2023 7:31:11 PM,erikjdesilva16,6/5/2023 7:31:11 PM,2,,east
np,hl,,427,6ed220a6-b71a-4472-8c92-15ce820db488,cca36621-fed1-498b-94b9-e23d14e3c23f,erikjdesilva16,6/5/2023 7:31:36 PM,erikjdesilva16,6/5/2023 7:31:36 PM,2.5,,east
pg,hl,,428,fcf2b34e-02e4-4698-87fe-d0d186f88915,cca36621-fed1-498b-94b9-e23d14e3c23f,erikjdesilva16,6/5/2023 7:32:19 PM,erikjdesilva16,6/5/2023 7:32:19 PM,3,,east
np,wl,,429,5fd70d2c-49ec-4823-a24d-f02ab792d973,cca36621-fed1-498b-94b9-e23d14e3c23f,erikjdesilva16,6/5/2023 7:32:48 PM,erikjdesilva16,6/5/2023 7:32:48 PM,3.5,,east
np,hl,,430,359b5509-8595-4b32-ac36-8ffe46ea37d8,cca36621-fed1-498b-94b9-e23d14e3c23f,erikjdesilva16,6/5/2023 7:33:04 PM,erikjdesilva16,6/5/2023 7:33:04 PM,4,,east
pg,r,,431,59f0dccb-289c-439f-8839-7464aea945de,cca36621-fed1-498b-94b9-e23d14e3c23f,erikjdesilva16,6/5/2023 7:33:56 PM,erikjdesilva16,6/5/2023 7:33:56 PM,4.5,,east
pg,hl,,432,5f3bb20a-5088-4a6d-9cdf-c1eb52f78b39,cca36621-fed1-498b-94b9-e23d14e3c23f,erikjdesilva16,6/5/2023 7:34:09 PM,erikjdesilva16,6/5/2023 7:34:09 PM,5,,east
pg,hl,,433,e1b132c2-85df-4ef4-9e55-a4326fde3778,cca36621-fed1-498b-94b9-e23d14e3c23f,erikjdesilva16,6/5/2023 7:34:23 PM,erikjdesilva16,6/5/2023 7:34:23 PM,5.5,,east
np,hl,,434,21818b59-baa2-4e78-8208-c731b283add1,cca36621-fed1-498b-94b9-e23d14e3c23f,erikjdesilva16,6/5/2023 7:34:39 PM,erikjdesilva16,6/5/2023 7:34:39 PM,6,,east
np,hl,,435,64604801-8a95-448d-8664-aad2b040a0cc,cca36621-fed1-498b-94b9-e23d14e3c23f,erikjdesilva16,6/5/2023 7:35:39 PM,erikjdesilva16,6/5/2023 7:35:39 PM,6.5,,east
np,hl,,436,9ee54aed-246e-4ce2-8da5-8c58615867da,cca36621-fed1-498b-94b9-e23d14e3c23f,erikjdesilva16,6/5/2023 7:35:51 PM,erikjdesilva16,6/5/2023 7:35:51 PM,7,,east
np,hl,,437,904bdbee-3ee9-42dc-b8f1-5f184e54a814,cca36621-fed1-498b-94b9-e23d14e3c23f,erikjdesilva16,6/5/2023 7:36:03 PM,erikjdesilva16,6/5/2023 7:36:03 PM,7.5,,east
np,r,,438,2f91818a-776e-4d1b-b154-7404de80975c,cca36621-fed1-498b-94b9-e23d14e3c23f,erikjdesilva16,6/5/2023 7:36:15 PM,erikjdesilva16,6/5/2023 7:36:15 PM,8,,east
np,r,,439,eef4cce2-cd0b-455c-ac1e-b68b2972285c,cca36621-fed1-498b-94b9-e23d14e3c23f,erikjdesilva16,6/5/2023 7:36:33 PM,erikjdesilva16,6/5/2023 7:36:33 PM,8.5,,east
np,so,,440,1d934ecd-4af4-4294-b10e-a2847fedb32b,cca36621-fed1-498b-94b9-e23d14e3c23f,erikjdesilva16,6/5/2023 7:36:57 PM,erikjdesilva16,6/5/2023 7:36:57 PM,9,,east
np,hl,,441,e83bf533-e7d1-478d-ab04-5760a58505c0,cca36621-fed1-498b-94b9-e23d14e3c23f,erikjdesilva16,6/5/2023 7:37:15 PM,erikjdesilva16,6/5/2023 7:37:15 PM,9.5,,east
pg,hl,,442,94fea30a-6873-41bb-817a-12d86d037961,cca36621-fed1-498b-94b9-e23d14e3c23f,erikjdesilva16,6/5/2023 7:37:29 PM,erikjdesilva16,6/5/2023 7:37:29 PM,10,,east
pf,so,,443,22427f63-3fe3-45b0-8f1c-72f45488a228,cca36621-fed1-498b-94b9-e23d14e3c23f,erikjdesilva16,6/5/2023 7:37:46 PM,erikjdesilva16,6/5/2023 7:37:46 PM,10.5,,east
np,hl,,444,bdbb24c1-b66f-4bb4-95ca-50882fb66a24,cca36621-fed1-498b-94b9-e23d14e3c23f,erikjdesilva16,6/5/2023 7:38:46 PM,erikjdesilva16,6/5/2023 7:38:46 PM,11,,east
np,hl,,445,b0606cdc-e31a-4d1b-a8f9-d76ab7159ed2,cca36621-fed1-498b-94b9-e23d14e3c23f,erikjdesilva16,6/5/2023 7:39:01 PM,erikjdesilva16,6/5/2023 7:39:01 PM,11.5,,east
np,r,,446,e9983220-b3a0-4ba1-89d6-58cf0a0d9a26,cca36621-fed1-498b-94b9-e23d14e3c23f,erikjdesilva16,6/5/2023 7:39:23 PM,erikjdesilva16,6/5/2023 7:39:23 PM,12,,east
pg,so,,447,2f55f9e7-b6b8-491c-b641-8b31dcc8efcd,cca36621-fed1-498b-94b9-e23d14e3c23f,erikjdesilva16,6/5/2023 7:40:06 PM,erikjdesilva16,6/5/2023 7:40:06 PM,12.5,,east
np,hl,,448,f3f352f5-f977-495b-a558-0791a1cf8a66,d45c046c-b0c2-4b49-bc49-245c9d56f2ec,erikjdesilva16,6/5/2023 8:27:57 PM,erikjdesilva16,6/5/2023 8:29:29 PM,0.5,,north
np,hl,,449,027235d5-b28d-4656-ab81-fe1146cc7721,d45c046c-b0c2-4b49-bc49-245c9d56f2ec,erikjdesilva16,6/5/2023 8:29:58 PM,erikjdesilva16,6/5/2023 8:29:58 PM,1,,north
np,hl,,450,36d200ce-1c8e-422d-bd2f-93362013d466,d45c046c-b0c2-4b49-bc49-245c9d56f2ec,erikjdesilva16,6/5/2023 8:30:16 PM,erikjdesilva16,6/5/2023 8:30:16 PM,1.5,,north
np,hl,,451,245ac443-026f-43b8-b10d-4295845a3ec8,d45c046c-b0c2-4b49-bc49-245c9d56f2ec,erikjdesilva16,6/5/2023 8:30:37 PM,erikjdesilva16,6/5/2023 8:30:37 PM,2,,north
np,hl,,452,1d5b4ce4-4ecf-4479-b373-572e570387ca,d45c046c-b0c2-4b49-bc49-245c9d56f2ec,erikjdesilva16,6/5/2023 8:30:52 PM,erikjdesilva16,6/5/2023 8:30:52 PM,2.5,,north
np,hl,,453,9c9a19a5-edd8-41fa-b731-d54f8d557e70,d45c046c-b0c2-4b49-bc49-245c9d56f2ec,erikjdesilva16,6/5/2023 8:31:05 PM,erikjdesilva16,6/5/2023 8:31:05 PM,3,,north
np,wl,,454,5af09bc5-9c27-4df4-85c7-1263c45f7e20,d45c046c-b0c2-4b49-bc49-245c9d56f2ec,erikjdesilva16,6/5/2023 8:32:08 PM,erikjdesilva16,6/5/2023 8:32:08 PM,3.5,,north
s,hl,,455,f7552c74-1bfb-4f0c-8b22-9fcb95606522,d45c046c-b0c2-4b49-bc49-245c9d56f2ec,erikjdesilva16,6/5/2023 8:32:30 PM,erikjdesilva16,6/5/2023 8:32:30 PM,4,,north
np,wl,,456,ca4d9909-959c-4381-8edc-26172bf75846,d45c046c-b0c2-4b49-bc49-245c9d56f2ec,erikjdesilva16,6/5/2023 8:33:19 PM,erikjdesilva16,6/5/2023 8:33:19 PM,4.5,,north
np,hl,,457,7ce7e280-0c5d-4223-9713-243f6cc1ca52,d45c046c-b0c2-4b49-bc49-245c9d56f2ec,erikjdesilva16,6/5/2023 8:33:44 PM,erikjdesilva16,6/5/2023 8:33:44 PM,5,,north
np,br,,458,567f427f-036a-4d2e-a513-1f031e674621,d45c046c-b0c2-4b49-bc49-245c9d56f2ec,erikjdesilva16,6/5/2023 8:34:02 PM,erikjdesilva16,6/5/2023 8:34:02 PM,5.5,,north
s,hl,,459,c67e3a61-a83e-4ec5-acd7-9683e0764f24,d45c046c-b0c2-4b49-bc49-245c9d56f2ec,erikjdesilva16,6/5/2023 8:34:27 PM,erikjdesilva16,6/5/2023 8:34:27 PM,6,,north
np,br,,460,dce262e8-3176-4ae6-935e-f09329f98d8e,d45c046c-b0c2-4b49-bc49-245c9d56f2ec,erikjdesilva16,6/5/2023 8:34:49 PM,erikjdesilva16,6/5/2023 8:34:49 PM,6.5,,north
np,br,,461,ca8350d7-ee54-4286-af5f-eafe3df47fab,d45c046c-b0c2-4b49-bc49-245c9d56f2ec,erikjdesilva16,6/5/2023 8:35:03 PM,erikjdesilva16,6/5/2023 8:35:03 PM,7,,north
np,wl,,462,4318f925-86b2-49b9-ba2f-9cafdac78cdb,d45c046c-b0c2-4b49-bc49-245c9d56f2ec,erikjdesilva16,6/5/2023 8:35:17 PM,erikjdesilva16,6/5/2023 8:35:17 PM,7.5,,north
np,br,,463,8e2eb5b5-4869-44b4-8f40-f737ddd04e3f,d45c046c-b0c2-4b49-bc49-245c9d56f2ec,erikjdesilva16,6/5/2023 8:35:29 PM,erikjdesilva16,6/5/2023 8:35:29 PM,8,,north
np,hl,,464,02c860c2-ca5c-4504-83db-fbbbb40a3ac8,d45c046c-b0c2-4b49-bc49-245c9d56f2ec,erikjdesilva16,6/5/2023 8:35:40 PM,erikjdesilva16,6/5/2023 8:35:40 PM,8.5,,north
np,hl,,465,7dea4787-9ebe-4c51-ae9d-9b9ac7fa61fe,d45c046c-b0c2-4b49-bc49-245c9d56f2ec,erikjdesilva16,6/5/2023 8:35:54 PM,erikjdesilva16,6/5/2023 8:35:54 PM,9,,north
np,br,,466,2001259c-0214-4440-93d1-11863a98d037,d45c046c-b0c2-4b49-bc49-245c9d56f2ec,erikjdesilva16,6/5/2023 8:36:10 PM,erikjdesilva16,6/5/2023 8:36:10 PM,9.5,,north
np,br,,467,68fd51ca-fe8c-4b7b-8a36-8819ab14e336,d45c046c-b0c2-4b49-bc49-245c9d56f2ec,erikjdesilva16,6/5/2023 8:36:24 PM,erikjdesilva16,6/5/2023 8:36:24 PM,10,,north
np,br,,468,2b33e333-1438-4d4f-81a2-a5f537760c9d,d45c046c-b0c2-4b49-bc49-245c9d56f2ec,erikjdesilva16,6/5/2023 8:36:46 PM,erikjdesilva16,6/5/2023 8:36:46 PM,10.5,,north
s,r,,469,4694764d-a74a-4d75-8504-9ae262936315,d45c046c-b0c2-4b49-bc49-245c9d56f2ec,erikjdesilva16,6/5/2023 8:37:02 PM,erikjdesilva16,6/5/2023 8:37:02 PM,11,,north
np,br,,470,b9256090-5fe3-4a62-b32b-0d79fa14e71f,d45c046c-b0c2-4b49-bc49-245c9d56f2ec,erikjdesilva16,6/5/2023 8:37:15 PM,erikjdesilva16,6/5/2023 8:37:15 PM,11.5,,north
np,br,,471,962e9fb0-1e17-4b18-9a02-83677e206fe6,d45c046c-b0c2-4b49-bc49-245c9d56f2ec,erikjdesilva16,6/5/2023 8:37:28 PM,erikjdesilva16,6/5/2023 8:37:28 PM,12,,north
np,br,,472,b4728c41-e77a-43a9-85ff-c15395ae2aef,d45c046c-b0c2-4b49-bc49-245c9d56f2ec,erikjdesilva16,6/5/2023 8:37:40 PM,erikjdesilva16,6/5/2023 8:37:40 PM,12.5,,north
s,br,,473,d7a0331c-2aa1-4502-9305-16bcc01bafa7,d45c046c-b0c2-4b49-bc49-245c9d56f2ec,erikjdesilva16,6/5/2023 8:38:11 PM,erikjdesilva16,6/5/2023 8:38:11 PM,0.5,,east
s,br,,474,ad11e2a5-1d35-470c-b84d-5fb8ec7c2cc8,d45c046c-b0c2-4b49-bc49-245c9d56f2ec,erikjdesilva16,6/5/2023 8:38:24 PM,erikjdesilva16,6/5/2023 8:38:24 PM,1,,east
np,hl,,475,2b97317a-15e1-4c8b-b8f2-042648722542,d45c046c-b0c2-4b49-bc49-245c9d56f2ec,erikjdesilva16,6/5/2023 8:38:43 PM,erikjdesilva16,6/5/2023 8:38:43 PM,1.5,,east
np,br,,476,b4ef50a7-12d3-4ac6-95fe-1789bb91422b,d45c046c-b0c2-4b49-bc49-245c9d56f2ec,erikjdesilva16,6/5/2023 8:39:02 PM,erikjdesilva16,6/5/2023 8:39:02 PM,2,,east
np,br,,477,9dbd45c4-ca63-497b-ab72-883167247761,d45c046c-b0c2-4b49-bc49-245c9d56f2ec,erikjdesilva16,6/5/2023 8:39:14 PM,erikjdesilva16,6/5/2023 8:39:14 PM,2.5,,east
np,br,,478,a0153d4b-93a4-4ea0-b1f6-ade8becf1b47,d45c046c-b0c2-4b49-bc49-245c9d56f2ec,erikjdesilva16,6/5/2023 8:39:23 PM,erikjdesilva16,6/5/2023 8:39:23 PM,3,,east
s,br,,479,3357409b-b181-413b-aac7-8ad55a217373,d45c046c-b0c2-4b49-bc49-245c9d56f2ec,erikjdesilva16,6/5/2023 8:39:25 PM,erikjdesilva16,6/5/2023 8:39:25 PM,3.5,,east
s,br,,480,01c82375-b2bc-42e6-b77c-c2065ee6613f,d45c046c-b0c2-4b49-bc49-245c9d56f2ec,erikjdesilva16,6/5/2023 8:39:41 PM,erikjdesilva16,6/5/2023 8:39:41 PM,4,,east
s,br,,481,de74a86c-cc60-4da7-becc-2b2ec34acdf3,d45c046c-b0c2-4b49-bc49-245c9d56f2ec,erikjdesilva16,6/5/2023 8:39:53 PM,erikjdesilva16,6/5/2023 8:39:53 PM,4.5,,east
s,br,,482,8fac0010-1697-4cf4-8964-e06ad7798fc0,d45c046c-b0c2-4b49-bc49-245c9d56f2ec,erikjdesilva16,6/5/2023 8:40:03 PM,erikjdesilva16,6/5/2023 8:40:03 PM,5,,east
s,hl,,483,25bd7f74-2bd0-4211-86ef-88595c27c6cf,d45c046c-b0c2-4b49-bc49-245c9d56f2ec,erikjdesilva16,6/5/2023 8:40:15 PM,erikjdesilva16,6/5/2023 8:40:15 PM,5.5,,east
np,hl,,484,64ea6523-7c7a-40cd-b639-d879cdf7c496,d45c046c-b0c2-4b49-bc49-245c9d56f2ec,erikjdesilva16,6/5/2023 8:40:33 PM,erikjdesilva16,6/5/2023 8:40:33 PM,6,,east
s,hl,,485,9d280fb1-77aa-44a8-b99a-69e89ab633d3,d45c046c-b0c2-4b49-bc49-245c9d56f2ec,erikjdesilva16,6/5/2023 8:40:49 PM,erikjdesilva16,6/5/2023 8:40:49 PM,6.5,,east
s,hl,,486,db33c818-96cb-4cdd-b1ac-9be98e02e630,d45c046c-b0c2-4b49-bc49-245c9d56f2ec,erikjdesilva16,6/5/2023 8:41:00 PM,erikjdesilva16,6/5/2023 8:41:00 PM,7,,east
s,hl,,487,2bef3663-70ca-4293-9696-ab59cdf746f9,d45c046c-b0c2-4b49-bc49-245c9d56f2ec,erikjdesilva16,6/5/2023 8:41:11 PM,erikjdesilva16,6/5/2023 8:41:11 PM,7.5,,east
pf,hl,,488,04212d39-8611-494e-bca2-f7faff965484,d45c046c-b0c2-4b49-bc49-245c9d56f2ec,erikjdesilva16,6/5/2023 8:41:22 PM,erikjdesilva16,6/5/2023 8:41:22 PM,8,,east
s,so,,489,c26dc531-2767-4e16-b005-c3534cf739c1,d45c046c-b0c2-4b49-bc49-245c9d56f2ec,erikjdesilva16,6/5/2023 8:41:33 PM,erikjdesilva16,6/5/2023 8:41:33 PM,8.5,,east
np,br,,490,72f507cd-0c1c-42ff-a068-9f3cd1dd5da6,d45c046c-b0c2-4b49-bc49-245c9d56f2ec,erikjdesilva16,6/5/2023 8:41:58 PM,erikjdesilva16,6/5/2023 8:41:58 PM,9,,east
np,so,,491,575ea5fe-da8b-429f-b04c-cb7f2f0b3a9d,d45c046c-b0c2-4b49-bc49-245c9d56f2ec,erikjdesilva16,6/5/2023 8:42:08 PM,erikjdesilva16,6/5/2023 8:42:08 PM,9.5,,east
pg,hl,,492,7bbcdfda-9c45-4313-a3d1-220ed7a73ffe,d45c046c-b0c2-4b49-bc49-245c9d56f2ec,erikjdesilva16,6/5/2023 8:42:35 PM,erikjdesilva16,6/5/2023 8:42:35 PM,10,,east
pg,hl,,493,d8ba06ca-f9be-4ae5-bd1d-10a8440bcc8b,d45c046c-b0c2-4b49-bc49-245c9d56f2ec,erikjdesilva16,6/5/2023 8:42:46 PM,erikjdesilva16,6/5/2023 8:42:46 PM,10.5,,east
np,hl,,494,9a87cd87-dd68-4787-b928-8dc0ba12e27e,d45c046c-b0c2-4b49-bc49-245c9d56f2ec,erikjdesilva16,6/5/2023 8:42:57 PM,erikjdesilva16,6/5/2023 8:42:57 PM,11,,east
np,hl,,495,bcf165e1-3f80-42ba-8fba-4fa94941d113,d45c046c-b0c2-4b49-bc49-245c9d56f2ec,erikjdesilva16,6/5/2023 8:43:08 PM,erikjdesilva16,6/5/2023 8:43:08 PM,11.5,,east
np,r,,496,0a56fcc2-1a4b-42ce-b718-7cc49c3d8758,d45c046c-b0c2-4b49-bc49-245c9d56f2ec,erikjdesilva16,6/5/2023 8:43:25 PM,erikjdesilva16,6/5/2023 8:43:25 PM,12,,east
np,so,,497,4e4d591f-d040-42ca-bb80-8bb65412e86e,d45c046c-b0c2-4b49-bc49-245c9d56f2ec,erikjdesilva16,6/5/2023 8:43:37 PM,erikjdesilva16,6/5/2023 8:43:37 PM,12.5,,east
np,wl,,498,5277519e-37db-49c3-a510-ae872fc99738,d6792063-97b7-46b2-86e0-35b990ec46e3,erikjdesilva16,6/10/2023 1:34:08 AM,erikjdesilva16,6/10/2023 1:34:08 AM,0.5,,north
np,hl,,499,402c2ec2-c479-44ee-bc59-3c8f7121c58b,d6792063-97b7-46b2-86e0-35b990ec46e3,erikjdesilva16,6/10/2023 1:37:22 AM,erikjdesilva16,6/10/2023 1:37:22 AM,1,,north
np,r,,500,6807ca4b-7bbd-4297-8ae1-53658cf938c6,d6792063-97b7-46b2-86e0-35b990ec46e3,erikjdesilva16,6/10/2023 1:38:01 AM,erikjdesilva16,6/10/2023 1:38:01 AM,1.5,,north
np,wl,,501,770371c4-4e66-4536-b1c4-ff3ddd279c09,d6792063-97b7-46b2-86e0-35b990ec46e3,erikjdesilva16,6/10/2023 1:38:50 AM,erikjdesilva16,6/10/2023 1:38:50 AM,2,,north
np,hl,,502,ffc593eb-3b84-48a1-8d98-0b9b0f674dfd,d6792063-97b7-46b2-86e0-35b990ec46e3,erikjdesilva16,6/10/2023 1:40:11 AM,erikjdesilva16,6/10/2023 1:40:11 AM,2.5,,north
np,hl,,503,04eee07f-f896-47e6-b2aa-b905537cd083,d6792063-97b7-46b2-86e0-35b990ec46e3,erikjdesilva16,6/10/2023 1:40:50 AM,erikjdesilva16,6/10/2023 1:40:50 AM,3,,north
pg,hl,,504,6d21660a-84ea-4aa9-a107-39d214485809,d6792063-97b7-46b2-86e0-35b990ec46e3,erikjdesilva16,6/10/2023 1:41:34 AM,erikjdesilva16,6/10/2023 1:41:34 AM,3.5,,north
pg,r,,505,366c610e-bdc6-4da9-a32f-04b71e46445a,d6792063-97b7-46b2-86e0-35b990ec46e3,erikjdesilva16,6/10/2023 1:42:13 AM,erikjdesilva16,6/10/2023 1:42:13 AM,4,,north
np,hl,,506,1b88495e-6bd3-4e05-900f-ac408ae71dce,d6792063-97b7-46b2-86e0-35b990ec46e3,erikjdesilva16,6/10/2023 1:42:48 AM,erikjdesilva16,6/10/2023 1:42:48 AM,4.5,,north
pf,hl,,507,0ea627e9-e1bb-4a13-a0a6-b2154fade386,d6792063-97b7-46b2-86e0-35b990ec46e3,erikjdesilva16,6/10/2023 1:43:26 AM,erikjdesilva16,6/10/2023 1:43:26 AM,5,,north
pf,hl,,508,fea19db0-82e1-4c9f-a49b-856fad7d54aa,d6792063-97b7-46b2-86e0-35b990ec46e3,erikjdesilva16,6/10/2023 1:44:02 AM,erikjdesilva16,6/10/2023 1:44:02 AM,5.5,,north
np,hl,,509,1b269ffd-8519-4b43-aa3a-b3998bab1d92,d6792063-97b7-46b2-86e0-35b990ec46e3,erikjdesilva16,6/10/2023 1:44:47 AM,erikjdesilva16,6/10/2023 1:44:47 AM,6,,north
s,hl,,510,b8b272d1-b8bb-460d-98e7-965f3e129b1f,d6792063-97b7-46b2-86e0-35b990ec46e3,erikjdesilva16,6/10/2023 1:45:18 AM,erikjdesilva16,6/10/2023 1:45:18 AM,6.5,,north
s,hl,,511,207c8bb5-2cbe-4bd4-b0e4-9751a6c69b42,d6792063-97b7-46b2-86e0-35b990ec46e3,erikjdesilva16,6/10/2023 1:45:39 AM,erikjdesilva16,6/10/2023 1:45:39 AM,7,,north
s,hl,,512,c996dbce-277d-4e0e-b106-cad565537153,d6792063-97b7-46b2-86e0-35b990ec46e3,erikjdesilva16,6/10/2023 1:46:01 AM,erikjdesilva16,6/10/2023 1:46:01 AM,7.5,,north
s,hl,,513,5cb830dc-6e78-4f35-a770-bb6bc96554eb,d6792063-97b7-46b2-86e0-35b990ec46e3,erikjdesilva16,6/10/2023 1:46:21 AM,erikjdesilva16,6/10/2023 1:46:21 AM,8,,north
s,hl,,514,26bf27e6-971f-4691-b85d-413c707f91a2,d6792063-97b7-46b2-86e0-35b990ec46e3,erikjdesilva16,6/10/2023 1:47:15 AM,erikjdesilva16,6/10/2023 1:47:15 AM,8.5,,north
s,hl,,515,85a3afdd-2c3d-4900-b84e-5e84b3522ec6,d6792063-97b7-46b2-86e0-35b990ec46e3,erikjdesilva16,6/10/2023 1:47:54 AM,erikjdesilva16,6/10/2023 1:47:54 AM,9,,north
s,hl,,516,5bce702f-d93f-4cd4-be1a-13685c85a252,d6792063-97b7-46b2-86e0-35b990ec46e3,erikjdesilva16,6/10/2023 1:48:17 AM,erikjdesilva16,6/10/2023 1:48:17 AM,9.5,,north
pg,hl,,517,f9c870bc-8fbd-4df5-bddb-8be7c8173fe9,d6792063-97b7-46b2-86e0-35b990ec46e3,erikjdesilva16,6/10/2023 1:48:54 AM,erikjdesilva16,6/10/2023 1:48:54 AM,10,,north
np,r,,518,eb8a7d72-88ef-47fd-93b2-f305cb5c6e14,d6792063-97b7-46b2-86e0-35b990ec46e3,erikjdesilva16,6/10/2023 1:49:45 AM,erikjdesilva16,6/10/2023 1:49:45 AM,10.5,,north
np,r,,519,836d1ff3-f4df-4867-bd07-e08075040a66,d6792063-97b7-46b2-86e0-35b990ec46e3,erikjdesilva16,6/10/2023 1:50:27 AM,erikjdesilva16,6/10/2023 1:50:27 AM,11,,north
pg,hl,,520,f5dd6719-00d9-4b1e-b914-715379bacb48,d6792063-97b7-46b2-86e0-35b990ec46e3,erikjdesilva16,6/10/2023 1:50:57 AM,erikjdesilva16,6/10/2023 1:51:24 AM,11.5,,north
pf,hl,,521,40e0fb68-9c27-4d74-9cdb-f52f7275ccc1,d6792063-97b7-46b2-86e0-35b990ec46e3,erikjdesilva16,6/10/2023 1:51:41 AM,erikjdesilva16,6/10/2023 1:51:41 AM,12,,north
s,hl,,522,b8dfb1a3-30c0-432c-9dde-349e766fe1c0,d6792063-97b7-46b2-86e0-35b990ec46e3,erikjdesilva16,6/10/2023 1:52:00 AM,erikjdesilva16,6/10/2023 1:52:00 AM,12.5,,north
np,hl,,523,1dbef7b1-d380-4f1f-8b41-8a85a238099b,d6792063-97b7-46b2-86e0-35b990ec46e3,erikjdesilva16,6/10/2023 1:52:46 AM,erikjdesilva16,6/10/2023 1:52:46 AM,0.5,,east
np,hl,,524,8a5cee35-b0d2-4d6a-9cb1-70743bdf980d,d6792063-97b7-46b2-86e0-35b990ec46e3,erikjdesilva16,6/10/2023 1:53:08 AM,erikjdesilva16,6/10/2023 1:53:08 AM,1,,east
np,hl,,525,47c6c5f4-12d0-4940-892e-a42e30768d3b,d6792063-97b7-46b2-86e0-35b990ec46e3,erikjdesilva16,6/10/2023 1:53:23 AM,erikjdesilva16,6/10/2023 1:53:23 AM,1.5,,east
np,hl,,526,fb600f63-02c6-4cb8-b99a-0f4a3d02f5a8,d6792063-97b7-46b2-86e0-35b990ec46e3,erikjdesilva16,6/10/2023 1:53:37 AM,erikjdesilva16,6/10/2023 1:53:37 AM,2,,east
np,hl,,527,0207c6f6-d24c-4a84-9cf6-446dddd4e3a5,d6792063-97b7-46b2-86e0-35b990ec46e3,erikjdesilva16,6/10/2023 1:53:53 AM,erikjdesilva16,6/10/2023 1:53:53 AM,2.5,,east
s,hl,,528,120115d3-693f-4262-8613-b94a2d0cde95,d6792063-97b7-46b2-86e0-35b990ec46e3,erikjdesilva16,6/10/2023 1:54:28 AM,erikjdesilva16,6/10/2023 1:54:28 AM,3,,east
s,hl,,529,74b04561-09ab-4f7a-a5d8-13662e4682ef,d6792063-97b7-46b2-86e0-35b990ec46e3,erikjdesilva16,6/10/2023 1:54:57 AM,erikjdesilva16,6/10/2023 1:54:57 AM,3.5,,east
pg,hl,,530,b06329aa-ad19-43bc-9644-c792d106efad,d6792063-97b7-46b2-86e0-35b990ec46e3,erikjdesilva16,6/10/2023 1:55:36 AM,erikjdesilva16,6/10/2023 1:55:36 AM,4,,east
np,wl,,531,01f439f0-1e29-424a-882f-12863d209688,d6792063-97b7-46b2-86e0-35b990ec46e3,erikjdesilva16,6/10/2023 1:56:05 AM,erikjdesilva16,6/10/2023 1:56:05 AM,4.5,,east
np,hl,,532,ef7d68bb-d72b-414d-a675-b4c6380452bf,d6792063-97b7-46b2-86e0-35b990ec46e3,erikjdesilva16,6/10/2023 1:56:33 AM,erikjdesilva16,6/10/2023 1:56:33 AM,5,,east
np,wl,,533,bfd6e238-d91d-4fe6-9d28-dde5fc9e3078,d6792063-97b7-46b2-86e0-35b990ec46e3,erikjdesilva16,6/10/2023 1:57:09 AM,erikjdesilva16,6/10/2023 1:57:09 AM,5.5,,east
np,hl,,534,5ae4560a-cc93-4368-94a1-7fc10e82bcac,d6792063-97b7-46b2-86e0-35b990ec46e3,erikjdesilva16,6/10/2023 1:57:32 AM,erikjdesilva16,6/10/2023 1:57:32 AM,6,,east
np,hl,,535,b88ea76a-85c0-4ca4-a72d-c396b431e70d,d6792063-97b7-46b2-86e0-35b990ec46e3,erikjdesilva16,6/10/2023 1:58:00 AM,erikjdesilva16,6/10/2023 1:58:00 AM,6.5,,east
np,wl,,536,412b58d9-a626-41c3-8c1c-8ae24d85e98d,d6792063-97b7-46b2-86e0-35b990ec46e3,erikjdesilva16,6/10/2023 1:58:28 AM,erikjdesilva16,6/10/2023 1:58:28 AM,7,,east
np,hl,,537,fbe6aee1-e8a7-4094-a9f0-3e8dadd04e61,d6792063-97b7-46b2-86e0-35b990ec46e3,erikjdesilva16,6/10/2023 1:58:59 AM,erikjdesilva16,6/10/2023 1:58:59 AM,7.5,,east
np,hl,,538,09c13c01-6ba6-4dc2-95f2-384991858b5d,d6792063-97b7-46b2-86e0-35b990ec46e3,erikjdesilva16,6/10/2023 1:59:40 AM,erikjdesilva16,6/10/2023 1:59:40 AM,8,,east
pf,hl,,539,2205c3d1-f77b-492b-b0c1-ed1dd95be7e5,d6792063-97b7-46b2-86e0-35b990ec46e3,erikjdesilva16,6/10/2023 2:00:20 AM,erikjdesilva16,6/10/2023 2:00:20 AM,8.5,,east
np,wl,,540,1be6dfa1-626d-48a5-b393-9ee8e3849db7,d6792063-97b7-46b2-86e0-35b990ec46e3,erikjdesilva16,6/10/2023 2:00:47 AM,erikjdesilva16,6/10/2023 2:00:47 AM,9,,east
np,hl,,541,faaa8e9c-6bfe-4237-bf6c-40ef1ec87f2f,d6792063-97b7-46b2-86e0-35b990ec46e3,erikjdesilva16,6/10/2023 2:01:22 AM,erikjdesilva16,6/10/2023 2:01:22 AM,9.5,,east
np,r,,542,9b31f4b8-7888-4a69-b6f0-c09856825314,d6792063-97b7-46b2-86e0-35b990ec46e3,erikjdesilva16,6/10/2023 2:01:45 AM,erikjdesilva16,6/10/2023 2:01:45 AM,10,,east
np,r,,543,7ad31644-281a-4fca-8a85-be2279a4477a,d6792063-97b7-46b2-86e0-35b990ec46e3,erikjdesilva16,6/10/2023 2:02:06 AM,erikjdesilva16,6/10/2023 2:02:06 AM,10.5,,east
np,wl,,544,77024857-660a-4b50-bd6a-b67966e01ed5,d6792063-97b7-46b2-86e0-35b990ec46e3,erikjdesilva16,6/10/2023 2:02:25 AM,erikjdesilva16,6/10/2023 2:02:38 AM,11,,east
pg,r,,545,9a970e35-b302-491d-abf9-1608f3b97955,d6792063-97b7-46b2-86e0-35b990ec46e3,erikjdesilva16,6/10/2023 2:03:06 AM,erikjdesilva16,6/10/2023 2:03:06 AM,11.5,,east
s,so,,546,d5b9b5ba-b311-49ac-8817-d669140ffa3b,d6792063-97b7-46b2-86e0-35b990ec46e3,erikjdesilva16,6/10/2023 2:03:19 AM,erikjdesilva16,6/10/2023 2:03:31 AM,12,,east
pg,hl,,547,12c7e7a6-7c24-4d7a-aaed-520bb3f0af67,d6792063-97b7-46b2-86e0-35b990ec46e3,erikjdesilva16,6/10/2023 2:03:51 AM,erikjdesilva16,6/10/2023 2:03:51 AM,12.5,,east
pg,hl,,548,e37b39be-9cc1-4265-8add-ddab0e91560a,1aac2fee-b98d-43a6-a120-b87d5f678aee,erikjdesilva16,6/10/2023 4:53:01 AM,erikjdesilva16,6/10/2023 4:53:01 AM,0.5,,north
su,hl,,549,2f7139ab-2474-4952-bd91-3189e566a4c9,1aac2fee-b98d-43a6-a120-b87d5f678aee,erikjdesilva16,6/10/2023 4:53:14 AM,erikjdesilva16,6/10/2023 4:53:14 AM,1,,north
su,hl,,550,06d51972-7ff2-4cbc-bc3d-3f83d252c67c,1aac2fee-b98d-43a6-a120-b87d5f678aee,erikjdesilva16,6/10/2023 4:53:26 AM,erikjdesilva16,6/10/2023 4:53:26 AM,1.5,,north
su,hl,,551,1ac2f420-b8fc-4ffd-9cc8-e29bd8a1cb03,1aac2fee-b98d-43a6-a120-b87d5f678aee,erikjdesilva16,6/10/2023 4:53:35 AM,erikjdesilva16,6/10/2023 4:53:35 AM,2,,north
t,r,,552,499dc321-1c98-4f89-a11e-86d7a73efaa4,1aac2fee-b98d-43a6-a120-b87d5f678aee,erikjdesilva16,6/10/2023 4:53:46 AM,erikjdesilva16,6/10/2023 4:53:46 AM,2.5,,north
np,r,,553,7ca36e22-dedf-4dcc-b614-23ed598c7827,1aac2fee-b98d-43a6-a120-b87d5f678aee,erikjdesilva16,6/10/2023 4:53:58 AM,erikjdesilva16,6/10/2023 4:53:58 AM,3,,north
pg,hl,,554,1936ca16-6899-47b5-af0b-94139c5e25aa,1aac2fee-b98d-43a6-a120-b87d5f678aee,erikjdesilva16,6/10/2023 4:54:13 AM,erikjdesilva16,6/10/2023 4:54:13 AM,3.5,,north
pg,r,,555,82c81aac-eda5-48e9-a1ff-b06ae6cb373a,1aac2fee-b98d-43a6-a120-b87d5f678aee,erikjdesilva16,6/10/2023 4:54:23 AM,erikjdesilva16,6/10/2023 4:54:23 AM,4,,north
pg,r,,556,21be36ca-a2a2-4bcb-a96e-34eb00230fff,1aac2fee-b98d-43a6-a120-b87d5f678aee,erikjdesilva16,6/10/2023 4:54:34 AM,erikjdesilva16,6/10/2023 4:54:34 AM,4.5,,north
np,r,,557,fe822400-eba1-4f69-8f31-5a32a463498a,1aac2fee-b98d-43a6-a120-b87d5f678aee,erikjdesilva16,6/10/2023 4:54:44 AM,erikjdesilva16,6/10/2023 4:54:44 AM,5,,north
np,r,,558,690a5899-0b84-4de2-b69c-b845104c0c60,1aac2fee-b98d-43a6-a120-b87d5f678aee,erikjdesilva16,6/10/2023 4:54:55 AM,erikjdesilva16,6/10/2023 4:54:55 AM,5.5,,north
pg,r,,559,e114c353-2d24-40f1-930b-2e37ff665675,1aac2fee-b98d-43a6-a120-b87d5f678aee,erikjdesilva16,6/10/2023 4:55:05 AM,erikjdesilva16,6/10/2023 4:55:05 AM,6,,north
pg,hl,,560,50436273-8df5-4879-902f-03e16c435675,1aac2fee-b98d-43a6-a120-b87d5f678aee,erikjdesilva16,6/10/2023 4:55:15 AM,erikjdesilva16,6/10/2023 4:55:15 AM,6.5,,north
pg,hl,,561,b1f35553-fc38-43fd-bd4a-1c8986e4fa95,1aac2fee-b98d-43a6-a120-b87d5f678aee,erikjdesilva16,6/10/2023 4:55:24 AM,erikjdesilva16,6/10/2023 4:55:24 AM,7,,north
np,hl,,562,54d57df9-3379-4b5a-960e-97ed399e9fc7,1aac2fee-b98d-43a6-a120-b87d5f678aee,erikjdesilva16,6/10/2023 4:55:37 AM,erikjdesilva16,6/10/2023 4:55:37 AM,7.5,,north
np,r,,563,5b85cb7a-3069-45fd-84d4-87808f622930,1aac2fee-b98d-43a6-a120-b87d5f678aee,erikjdesilva16,6/10/2023 4:55:46 AM,erikjdesilva16,6/10/2023 4:55:46 AM,8,,north
np,r,,564,df92d111-18d2-46d1-bc88-3a378e38213a,1aac2fee-b98d-43a6-a120-b87d5f678aee,erikjdesilva16,6/10/2023 4:55:55 AM,erikjdesilva16,6/10/2023 4:56:04 AM,8.5,,north
np,r,,565,98797d3b-ef08-485c-843a-9d8f6fd3afe3,1aac2fee-b98d-43a6-a120-b87d5f678aee,erikjdesilva16,6/10/2023 4:56:15 AM,erikjdesilva16,6/10/2023 4:56:15 AM,9,,north
pg,hl,,566,5bc0a467-5c2c-4d7c-8d7b-df94047bd819,1aac2fee-b98d-43a6-a120-b87d5f678aee,erikjdesilva16,6/10/2023 4:56:24 AM,erikjdesilva16,6/10/2023 4:56:24 AM,9.5,,north
pg,so,,567,a1f19b00-b220-41f9-a732-51d56a2ec84c,1aac2fee-b98d-43a6-a120-b87d5f678aee,erikjdesilva16,6/10/2023 4:56:39 AM,erikjdesilva16,6/10/2023 4:56:39 AM,10,,north
su,r,,568,266b15b8-2bb8-462c-b386-d37d0aac2c74,1aac2fee-b98d-43a6-a120-b87d5f678aee,erikjdesilva16,6/10/2023 4:56:51 AM,erikjdesilva16,6/10/2023 4:56:51 AM,10.5,,north
su,hl,,569,1ad57047-9040-4626-a0f6-015115f195d4,1aac2fee-b98d-43a6-a120-b87d5f678aee,erikjdesilva16,6/10/2023 4:57:03 AM,erikjdesilva16,6/10/2023 4:57:03 AM,11,,north
su,hl,,570,f43b1168-1782-40a2-95a5-976e1df8111b,1aac2fee-b98d-43a6-a120-b87d5f678aee,erikjdesilva16,6/10/2023 4:57:14 AM,erikjdesilva16,6/10/2023 4:57:14 AM,11.5,,north
pg,hl,,571,70fa66b6-cc12-475e-8883-3781db063080,1aac2fee-b98d-43a6-a120-b87d5f678aee,erikjdesilva16,6/10/2023 4:57:25 AM,erikjdesilva16,6/10/2023 4:57:25 AM,12,,north
np,r,,572,38a82ea4-068c-4f2d-9826-70957953ff76,1aac2fee-b98d-43a6-a120-b87d5f678aee,erikjdesilva16,6/10/2023 4:57:35 AM,erikjdesilva16,6/10/2023 4:57:35 AM,12.5,,north
pg,hl,,573,3f1e495e-ebea-4932-9bc0-9b5c476baf61,1aac2fee-b98d-43a6-a120-b87d5f678aee,erikjdesilva16,6/10/2023 4:57:46 AM,erikjdesilva16,6/10/2023 4:57:46 AM,0.5,,east
pg,hl,,574,ec488282-c902-4c44-b277-bebab1a4f944,1aac2fee-b98d-43a6-a120-b87d5f678aee,erikjdesilva16,6/10/2023 4:57:57 AM,erikjdesilva16,6/10/2023 4:57:57 AM,1,,east
np,hl,,575,0cf26a43-49fe-4dbc-bc2b-e3c7a07d8b28,1aac2fee-b98d-43a6-a120-b87d5f678aee,erikjdesilva16,6/10/2023 4:58:08 AM,erikjdesilva16,6/10/2023 4:58:08 AM,1.5,,east
pg,hl,,576,78bea669-2adb-4f32-a2b8-f36bf9aed360,1aac2fee-b98d-43a6-a120-b87d5f678aee,erikjdesilva16,6/10/2023 4:58:17 AM,erikjdesilva16,6/10/2023 4:58:17 AM,2,,east
np,hl,,577,463c1f3e-5648-4a91-9579-181ca821e8b9,1aac2fee-b98d-43a6-a120-b87d5f678aee,erikjdesilva16,6/10/2023 4:58:28 AM,erikjdesilva16,6/10/2023 4:58:28 AM,2.5,,east
pg,hl,,578,56e31115-13a2-4dce-a4a1-849ea4e801e1,1aac2fee-b98d-43a6-a120-b87d5f678aee,erikjdesilva16,6/10/2023 4:58:38 AM,erikjdesilva16,6/10/2023 4:58:38 AM,3,,east
pg,hl,,579,3f29c6c4-21c3-4de2-815c-c44eddd4b7b5,1aac2fee-b98d-43a6-a120-b87d5f678aee,erikjdesilva16,6/10/2023 4:58:47 AM,erikjdesilva16,6/10/2023 4:58:47 AM,3.5,,east
pg,hl,,580,3dd9c4d0-7ba5-4879-83c9-b90a0236f648,1aac2fee-b98d-43a6-a120-b87d5f678aee,erikjdesilva16,6/10/2023 4:58:58 AM,erikjdesilva16,6/10/2023 4:58:58 AM,4,,east
pg,hl,,581,77374d30-e846-4d88-b4ab-71546678f334,1aac2fee-b98d-43a6-a120-b87d5f678aee,erikjdesilva16,6/10/2023 4:59:09 AM,erikjdesilva16,6/10/2023 4:59:09 AM,4.5,,east
t,hl,,582,830fe894-ae97-43f3-953f-9c70efb6a444,1aac2fee-b98d-43a6-a120-b87d5f678aee,erikjdesilva16,6/10/2023 4:59:19 AM,erikjdesilva16,6/10/2023 4:59:19 AM,5,,east
pg,hl,,583,6268b8e2-c82a-4567-b107-d38fdb6bdd0f,1aac2fee-b98d-43a6-a120-b87d5f678aee,erikjdesilva16,6/10/2023 4:59:28 AM,erikjdesilva16,6/10/2023 4:59:28 AM,5.5,,east
pg,hl,,584,a0511dde-3cb9-4f74-b8e3-cfcee9b91048,1aac2fee-b98d-43a6-a120-b87d5f678aee,erikjdesilva16,6/10/2023 4:59:38 AM,erikjdesilva16,6/10/2023 4:59:38 AM,6,,east
np,hl,,585,51827b4e-712d-485b-bce9-6202a6d1baec,1aac2fee-b98d-43a6-a120-b87d5f678aee,erikjdesilva16,6/10/2023 4:59:47 AM,erikjdesilva16,6/10/2023 4:59:47 AM,6.5,,east
np,hl,,586,91e5e208-3dc2-4e5d-9079-88fb194866cd,1aac2fee-b98d-43a6-a120-b87d5f678aee,erikjdesilva16,6/10/2023 4:59:57 AM,erikjdesilva16,6/10/2023 4:59:57 AM,7,,east
np,hl,,587,e2efa480-8721-4aa5-81f0-b9fee36e1e83,1aac2fee-b98d-43a6-a120-b87d5f678aee,erikjdesilva16,6/10/2023 5:00:08 AM,erikjdesilva16,6/10/2023 5:00:08 AM,7.5,,east
np,so,,588,e5b23e2d-349d-4ac1-b3f9-b025f390de9b,1aac2fee-b98d-43a6-a120-b87d5f678aee,erikjdesilva16,6/10/2023 5:00:17 AM,erikjdesilva16,6/10/2023 5:00:17 AM,8,,east
pg,hl,,589,08e05ebd-6a54-48ee-99bd-437c4666e64c,1aac2fee-b98d-43a6-a120-b87d5f678aee,erikjdesilva16,6/10/2023 5:00:26 AM,erikjdesilva16,6/10/2023 5:00:26 AM,8.5,,east
np,so,,590,25bea2f2-0610-4d41-8c92-9bb38e8b8722,1aac2fee-b98d-43a6-a120-b87d5f678aee,erikjdesilva16,6/10/2023 5:00:36 AM,erikjdesilva16,6/10/2023 5:00:36 AM,9,,east
pg,hl,,591,e7e34a80-bce4-47d7-af61-a141686796a8,1aac2fee-b98d-43a6-a120-b87d5f678aee,erikjdesilva16,6/10/2023 5:00:45 AM,erikjdesilva16,6/10/2023 5:00:45 AM,9.5,,east
pg,hl,,592,90e24296-29e6-46ac-9dfb-42ba36c6fcaf,1aac2fee-b98d-43a6-a120-b87d5f678aee,erikjdesilva16,6/10/2023 5:00:57 AM,erikjdesilva16,6/10/2023 5:00:57 AM,10,,east
pg,hl,,593,da412aec-dda1-4e7c-bc05-2fef245cb5b8,1aac2fee-b98d-43a6-a120-b87d5f678aee,erikjdesilva16,6/10/2023 5:01:06 AM,erikjdesilva16,6/10/2023 5:01:06 AM,10.5,,east
pg,hl,,594,b6aa493d-6ebd-40d0-8270-3fa498e0b26b,1aac2fee-b98d-43a6-a120-b87d5f678aee,erikjdesilva16,6/10/2023 5:01:16 AM,erikjdesilva16,6/10/2023 5:01:16 AM,11,,east
pg,hl,,595,fe5474e3-ca68-4582-a74a-017d4dddefb5,1aac2fee-b98d-43a6-a120-b87d5f678aee,erikjdesilva16,6/10/2023 5:01:25 AM,erikjdesilva16,6/10/2023 5:01:25 AM,11.5,,east
su,hl,,596,f1a5e94c-7d49-49de-b505-07e78da06ca8,1aac2fee-b98d-43a6-a120-b87d5f678aee,erikjdesilva16,6/10/2023 5:01:36 AM,erikjdesilva16,6/10/2023 5:01:36 AM,12,,east
np,r,,597,3ef21db0-6ffb-447e-9f75-1a5d611943b1,1aac2fee-b98d-43a6-a120-b87d5f678aee,erikjdesilva16,6/10/2023 5:01:46 AM,erikjdesilva16,6/10/2023 5:01:46 AM,12.5,,east
